DEBUG 2025-03-14 11:46:50.856 UTC: 	 CRAB Client version: v3.250217
DEBUG 2025-03-14 11:46:50.856 UTC: 	 Running on: Linux lxplus920.cern.ch 5.14.0-503.26.1.el9_5.x86_64 #1 SMP PREEMPT_DYNAMIC Mon Feb 10 05:23:56 EST 2025 x86_64 x86_64 x86_64 GNU/Linux
DEBUG 2025-03-14 11:46:50.856 UTC: 	 Not using Singularity
DEBUG 2025-03-14 11:46:50.856 UTC: 	 Operating System: Red Hat Enterprise Linux 9.5 (Plow)
DEBUG 2025-03-14 11:46:50.856 UTC: 	 Executing command: 'submit'
DEBUG 2025-03-14 11:46:50.856 UTC: 	 Found CRAB cache file /afs/cern.ch/user/a/apuglia/.crab3
INFO 2025-03-14 11:46:50.857 UTC: 	 Will use CRAB configuration file crab_cfg.py
DEBUG 2025-03-14 11:46:50.857 UTC: 	 Loading CRAB configuration file.
DEBUG 2025-03-14 11:46:50.890 UTC: 	 Will use CRAB plugin ANALYSIS (i.e. will run an analysis job type).
DEBUG 2025-03-14 11:46:50.900 UTC: 	 Checking credentials
DEBUG 2025-03-14 11:46:50.900 UTC: 	 Found proxy file /tmp/x509up_u180940
DEBUG 2025-03-14 11:46:50.900 UTC: 	 Making sure it has proper VOMS extension
DEBUG 2025-03-14 11:46:50.900 UTC: 	 Executing command :
 voms-proxy-info --vo --file /tmp/x509up_u180940
DEBUG 2025-03-14 11:46:51.305 UTC: 	 output : cms

 error: 
 retcode : 0
DEBUG 2025-03-14 11:46:51.305 UTC: 	 Getting proxy life time left
DEBUG 2025-03-14 11:46:51.305 UTC: 	 Executing command :
 voms-proxy-info --actimeleft --timeleft --file /tmp/x509up_u180940
DEBUG 2025-03-14 11:46:51.676 UTC: 	 output : 687691
687691

 error: 
 retcode : 0
DEBUG 2025-03-14 11:46:51.676 UTC: 	 Proxy valid for 191:01:31 hours
DEBUG 2025-03-14 11:46:51.677 UTC: 	 Encoded data for curl request: subresource=delegatedn
DEBUG 2025-03-14 11:46:51.741 UTC: 	 Registering user credentials on myproxy for /DC=ch/DC=cern/OU=computers/CN=crab-(preprod|prod)-tw(01|02).cern.ch|/DC=ch/DC=cern/OU=computers/CN=crab-dev-tw(01|02|03|04).cern.ch|/DC=ch/DC=cern/OU=Organic Units/OU=Users/CN=cmscrab/CN=(817881|373708)/CN=Robot: cms crab|/DC=ch/DC=cern/OU=Organic Units/OU=Users/CN=crabint1/CN=373708/CN=Robot: CMS CRAB Integration 1
DEBUG 2025-03-14 11:46:51.741 UTC: 	 Executing command :
 voms-proxy-info --identity --file /tmp/x509up_u180940
DEBUG 2025-03-14 11:46:52.189 UTC: 	 output : /DC=ch/DC=cern/OU=Organic Units/OU=Users/CN=apuglia/CN=885270/CN=Andrea Camilla Puglia

 error: 
 retcode : 0
DEBUG 2025-03-14 11:46:52.190 UTC: 	 Getting myproxy life time left for bbb60dc5a44802d56653e3a555244abd1d126f21
DEBUG 2025-03-14 11:46:52.190 UTC: 	 Executing command :
 myproxy-info -s myproxy.cern.ch -l bbb60dc5a44802d56653e3a555244abd1d126f21
DEBUG 2025-03-14 11:46:52.536 UTC: 	 output : username: bbb60dc5a44802d56653e3a555244abd1d126f21
owner: /DC=ch/DC=cern/OU=Organic Units/OU=Users/CN=apuglia/CN=885270/CN=Andrea Camilla Puglia
  renewal policy: /DC=ch/DC=cern/OU=computers/CN=crab-(preprod|prod)-tw(01|02).cern.ch|/DC=ch/DC=cern/OU=computers/CN=crab-dev-tw(01|02|03|04).cern.ch|/DC=ch/DC=cern/OU=Organic Units/OU=Users/CN=cmscrab/CN=(817881|373708)/CN=Robot: cms crab|/DC=ch/DC=cern/OU=Organic Units/OU=Users/CN=crabint1/CN=373708/CN=Robot: CMS CRAB Integration 1
  trusted retrieval policy: /DC=ch/DC=cern/OU=computers/CN=crab-(preprod|prod)-tw(01|02).cern.ch|/DC=ch/DC=cern/OU=computers/CN=crab-dev-tw(01|02|03|04).cern.ch|/DC=ch/DC=cern/OU=Organic Units/OU=Users/CN=cmscrab/CN=(817881|373708)/CN=Robot: cms crab|/DC=ch/DC=cern/OU=Organic Units/OU=Users/CN=crabint1/CN=373708/CN=Robot: CMS CRAB Integration 1
  timeleft: 706:47:15  (29.4 days)

 error: 
 retcode : 0
DEBUG 2025-03-14 11:46:52.536 UTC: 	 Myproxy is valid: 2544420
DEBUG 2025-03-14 11:46:52.536 UTC: 	 Result of myproxy credential check:
  Credential exists on myproxy: username: bbb60dc5a44802d56653e3a555244abd1d126f21  - validity: 29 days, 10:47:00
DEBUG 2025-03-14 11:46:52.536 UTC: 	 Command use: submit
DEBUG 2025-03-14 11:46:52.536 UTC: 	 Options use: ['crab_cfg.py']
DEBUG 2025-03-14 11:46:52.536 UTC: 	 Encoded data for curl request: subresource=version
DEBUG 2025-03-14 11:46:54.205 UTC: 	 CRABClient version: v3.250217
DEBUG 2025-03-14 11:46:54.205 UTC: 	 Instance is prod
DEBUG 2025-03-14 11:46:54.205 UTC: 	 Server base url is cmsweb.cern.ch
DEBUG 2025-03-14 11:46:54.205 UTC: 	 Command api workflow
DEBUG 2025-03-14 11:46:54.205 UTC: 	 Started submission
DEBUG 2025-03-14 11:46:54.205 UTC: 	 Working on /eos/home-a/apuglia/SWAN_projects/thesis/CMSSW_14_1_7/src/PhysicsTools/NanoAODTools/crab/crab_TTTo2J1L1Nu
DEBUG 2025-03-14 11:46:54.205 UTC: 	 Encoded data for curl request: subresource=backendurls
DEBUG 2025-03-14 11:46:54.277 UTC: 	 Loading required information from the environment
DEBUG 2025-03-14 11:46:54.277 UTC: 	 Found CMSSW_14_1_7 for el9_amd64_gcc12 with base /eos/home-a/apuglia/SWAN_projects/thesis/CMSSW_14_1_7
DEBUG 2025-03-14 11:46:54.277 UTC: 	 Loading required information from the environment
DEBUG 2025-03-14 11:46:54.277 UTC: 	 Found CMSSW_14_1_7 for el9_amd64_gcc12 with base /eos/home-a/apuglia/SWAN_projects/thesis/CMSSW_14_1_7
DEBUG 2025-03-14 11:46:54.277 UTC: 	 UNIQUE NAME: tarUUID 2fe6d499-fc8c-4e3a-a076-6292b18b2b36 
DEBUG 2025-03-14 11:46:54.277 UTC: 	 self.config: from WMCore.Configuration import Configuration
config = Configuration()
config.section_('General')
config.General.transferLogs = True
config.General.requestName = 'TTTo2J1L1Nu'
config.section_('JobType')
config.JobType.psetName = 'PSet.py'
config.JobType.scriptExe = 'crab_script.sh'
config.JobType.maxJobRuntimeMin = 2700
config.JobType.pluginName = 'Analysis'
config.JobType.sendVenvFolder = False
config.JobType.inputFiles = ['crab_script_copy.py', '../scripts/keep_and_drop.txt']
config.section_('Data')
config.Data.splitting = 'FileBased'
config.Data.allowNonValidInputDataset = True
config.Data.publication = False
config.Data.unitsPerJob = 2000
config.Data.inputDataset = '/TTTo2J1L1Nu_CP5_13p6TeV_powheg-pythia8/Run3Winter22NanoAOD-122X_mcRun3_2021_realistic_v9-v1/NANOAODSIM'
config.Data.outLFNDirBase = '/store/user/apuglia'
config.Data.inputDBS = 'global'
config.Data.outputDatasetTag = 'TTTo2J1L1Nu'
config.section_('Site')
config.Site.storageSite = 'T2_IT_Pisa'

DEBUG 2025-03-14 11:46:54.277 UTC: 	 self.config.JobType.psetName: PSet.py
INFO 2025-03-14 11:46:54.278 UTC: 	 Importing CMSSW configuration PSet.py
INFO 2025-03-14 11:46:54.359 UTC: 	 Finished importing CMSSW configuration PSet.py
DEBUG 2025-03-14 11:46:54.359 UTC: 	 Writing CMSSW configuration to /eos/home-a/apuglia/SWAN_projects/thesis/CMSSW_14_1_7/src/PhysicsTools/NanoAODTools/crab/crab_TTTo2J1L1Nu/inputs/PSet.py
DEBUG 2025-03-14 11:46:54.393 UTC: 	 The following EDM output files will be collected: ['tree_hadd.root']
DEBUG 2025-03-14 11:46:54.393 UTC: 	 The following TFile output files will be collected: []
DEBUG 2025-03-14 11:46:54.393 UTC: 	 The following user output files (not listed as PoolOuputModule or TFileService in the CMSSW PSet) will be collected: 
DEBUG 2025-03-14 11:46:54.393 UTC: 	 Loading required information from the environment
DEBUG 2025-03-14 11:46:54.393 UTC: 	 Found CMSSW_14_1_7 for el9_amd64_gcc12 with base /eos/home-a/apuglia/SWAN_projects/thesis/CMSSW_14_1_7
DEBUG 2025-03-14 11:46:54.393 UTC: 	 Making tarball in /eos/home-a/apuglia/SWAN_projects/thesis/CMSSW_14_1_7/src/PhysicsTools/NanoAODTools/crab/crab_TTTo2J1L1Nu/inputs/2fe6d499-fc8c-4e3a-a076-6292b18b2b36default.tgz
DEBUG 2025-03-14 11:46:54.395 UTC: 	 Checking directory /eos/home-a/apuglia/SWAN_projects/thesis/CMSSW_14_1_7/bin
DEBUG 2025-03-14 11:46:54.395 UTC: 	 Adding directory /eos/home-a/apuglia/SWAN_projects/thesis/CMSSW_14_1_7/bin to tarball
DEBUG 2025-03-14 11:46:54.401 UTC: 	 Checking directory /eos/home-a/apuglia/SWAN_projects/thesis/CMSSW_14_1_7/python
DEBUG 2025-03-14 11:46:54.401 UTC: 	 Adding directory /eos/home-a/apuglia/SWAN_projects/thesis/CMSSW_14_1_7/python to tarball
DEBUG 2025-03-14 11:46:54.414 UTC: 	 Checking directory /eos/home-a/apuglia/SWAN_projects/thesis/CMSSW_14_1_7/cfipython
DEBUG 2025-03-14 11:46:54.414 UTC: 	 Adding directory /eos/home-a/apuglia/SWAN_projects/thesis/CMSSW_14_1_7/cfipython to tarball
DEBUG 2025-03-14 11:46:54.416 UTC: 	 Checking directory /eos/home-a/apuglia/SWAN_projects/thesis/CMSSW_14_1_7/lib
DEBUG 2025-03-14 11:46:54.416 UTC: 	 Adding directory /eos/home-a/apuglia/SWAN_projects/thesis/CMSSW_14_1_7/lib to tarball
DEBUG 2025-03-14 11:46:54.423 UTC: 	 Checking directory /eos/home-a/apuglia/SWAN_projects/thesis/CMSSW_14_1_7/biglib
DEBUG 2025-03-14 11:46:54.423 UTC: 	 Adding directory /eos/home-a/apuglia/SWAN_projects/thesis/CMSSW_14_1_7/biglib to tarball
DEBUG 2025-03-14 11:46:54.425 UTC: 	 Checking directory /eos/home-a/apuglia/SWAN_projects/thesis/CMSSW_14_1_7/module
DEBUG 2025-03-14 11:46:54.425 UTC: 	 Checking directory /eos/home-a/apuglia/SWAN_projects/thesis/CMSSW_14_1_7/config/SCRAM/hooks
DEBUG 2025-03-14 11:46:54.426 UTC: 	 Adding directory /eos/home-a/apuglia/SWAN_projects/thesis/CMSSW_14_1_7/config/SCRAM/hooks to tarball
DEBUG 2025-03-14 11:46:54.472 UTC: 	 Adding directory /eos/home-a/apuglia/SWAN_projects/thesis/CMSSW_14_1_7/src/PhysicsTools/NanoAODTools/data to tarball
DEBUG 2025-03-14 11:47:02.387 UTC: 	 Adding directory /eos/home-a/apuglia/SWAN_projects/thesis/CMSSW_14_1_7/src/PhysicsTools/NanoAODTools/interface to tarball
DEBUG 2025-03-14 11:47:02.402 UTC: 	 Adding directory /eos/home-a/apuglia/SWAN_projects/thesis/CMSSW_14_1_7/src/PhysicsTools/NanoAODTools/python to tarball
DEBUG 2025-03-14 11:47:04.473 UTC: 	 Adding directory /eos/home-a/apuglia/SWAN_projects/thesis/CMSSW_14_1_7/src/PhysicsTools/NanoAODTools/python/postprocessing/data to tarball
DEBUG 2025-03-14 11:47:06.313 UTC: 	 Adding file crab_script_copy.py to tarball
DEBUG 2025-03-14 11:47:06.314 UTC: 	 Adding file ../scripts/keep_and_drop.txt to tarball
DEBUG 2025-03-14 11:47:06.339 UTC: 	 Uploading archive /eos/home-a/apuglia/SWAN_projects/thesis/CMSSW_14_1_7/src/PhysicsTools/NanoAODTools/crab/crab_TTTo2J1L1Nu/inputs/2fe6d499-fc8c-4e3a-a076-6292b18b2b36default.tgz (83 MB) to the CRAB cache. Using URI https://cmsweb.cern.ch/S3/crabcache_prod
DEBUG 2025-03-14 11:47:17.606 UTC: 	 Encoded data for curl request: subresource=upload&objecttype=sandbox&tarballname=f62c3b485e24d7086099cd225b0d39e10cca5ad0996e59f5b90113b11d41dc1b.tar.gz
DEBUG 2025-03-14 11:47:23.525 UTC: 	 sandbox f62c3b485e24d7086099cd225b0d39e10cca5ad0996e59f5b90113b11d41dc1b.tar.gz is already in the S3 store, will not upload again
DEBUG 2025-03-14 11:47:23.525 UTC: 	 Loading required information from the environment
DEBUG 2025-03-14 11:47:23.525 UTC: 	 Found CMSSW_14_1_7 for el9_amd64_gcc12 with base /eos/home-a/apuglia/SWAN_projects/thesis/CMSSW_14_1_7
DEBUG 2025-03-14 11:47:23.525 UTC: 	 Making tarball in /eos/home-a/apuglia/SWAN_projects/thesis/CMSSW_14_1_7/src/PhysicsTools/NanoAODTools/crab/crab_TTTo2J1L1Nu/inputs/debugFiles.tgz
DEBUG 2025-03-14 11:47:23.549 UTC: 	 Uploading archive /eos/home-a/apuglia/SWAN_projects/thesis/CMSSW_14_1_7/src/PhysicsTools/NanoAODTools/crab/crab_TTTo2J1L1Nu/inputs/debugFiles.tgz (1 KB) to the CRAB cache. Using URI https://cmsweb.cern.ch/S3/crabcache_prod
DEBUG 2025-03-14 11:47:23.553 UTC: 	 Encoded data for curl request: subresource=upload&objecttype=sandbox&tarballname=1e2ffc8f7c367ee8f52b9bccc99e2e81f8e286ba82b52660dc6d5012aeb19ccb.tar.gz
DEBUG 2025-03-14 11:47:23.757 UTC: 	 Will execute:
curl -f -v -X POST  -H "User-Agent: CRAB" -F "key=apuglia/sandboxes/1e2ffc8f7c367ee8f52b9bccc99e2e81f8e286ba82b52660dc6d5012aeb19ccb.tar.gz" -F "AWSAccessKeyId=715203df6482458ba839e73e6dab634b" -F "policy=eyJleHBpcmF0aW9uIjogIjIwMjUtMDMtMTRUMTI6NDc6MjNaIiwgImNvbmRpdGlvbnMiOiBbeyJidWNrZXQiOiAiY3JhYmNhY2hlX3Byb2QifSwgeyJrZXkiOiAiYXB1Z2xpYS9zYW5kYm94ZXMvMWUyZmZjOGY3YzM2N2VlOGY1MmI5YmNjYzk5ZTJlODFmOGUyODZiYTgyYjUyNjYwZGM2ZDUwMTJhZWIxOWNjYi50YXIuZ3oifV19" -F "signature=9EOkRRa/rURXrPg9Gz8rDas3WT4=" -F "file=@/eos/home-a/apuglia/SWAN_projects/thesis/CMSSW_14_1_7/src/PhysicsTools/NanoAODTools/crab/crab_TTTo2J1L1Nu/inputs/debugFiles.tgz" "https://s3.cern.ch/crabcache_prod"
DEBUG 2025-03-14 11:47:23.837 UTC: 	 exitcode: 0
stdout: b''
DEBUG 2025-03-14 11:47:23.837 UTC: 	 upload to S3 of sandbox /eos/home-a/apuglia/SWAN_projects/thesis/CMSSW_14_1_7/src/PhysicsTools/NanoAODTools/crab/crab_TTTo2J1L1Nu/inputs/debugFiles.tgz completed
DEBUG 2025-03-14 11:47:23.837 UTC: 	 make sure that object is ready for retrieve
DEBUG 2025-03-14 11:47:24.838 UTC: 	 Encoded data for curl request: subresource=download&objecttype=sandbox&tarballname=1e2ffc8f7c367ee8f52b9bccc99e2e81f8e286ba82b52660dc6d5012aeb19ccb.tar.gz&clientmethod=head_object
DEBUG 2025-03-14 11:47:24.885 UTC: 	 PreSignedUrl to download sandbox received OK
DEBUG 2025-03-14 11:47:24.887 UTC: 	 Will execute:
 curl -v -s -f -o /dev/null --head  "https://s3.cern.ch/crabcache_prod/apuglia/sandboxes/1e2ffc8f7c367ee8f52b9bccc99e2e81f8e286ba82b52660dc6d5012aeb19ccb.tar.gz?AWSAccessKeyId=715203df6482458ba839e73e6dab634b&Signature=EjLwqbFB8E6c2eBDVfxZLbfXpU8%3D&Expires=1741956444"
DEBUG 2025-03-14 11:47:24.920 UTC: 	 exitcode: 0
stdout: b''
DEBUG 2025-03-14 11:47:24.920 UTC: 	 sandbox /eos/home-a/apuglia/SWAN_projects/thesis/CMSSW_14_1_7/src/PhysicsTools/NanoAODTools/crab/crab_TTTo2J1L1Nu/inputs/debugFiles.tgz successfully uploaded to S3
DEBUG 2025-03-14 11:47:24.920 UTC: 	 Result uploading input files: f62c3b485e24d7086099cd225b0d39e10cca5ad0996e59f5b90113b11d41dc1b.tar.gz 
DEBUG 2025-03-14 11:47:24.920 UTC: 	 submit() - self.configuration from WMCore.Configuration import Configuration
config = Configuration()
config.section_('General')
config.General.transferLogs = True
config.General.requestName = 'TTTo2J1L1Nu'
config.section_('JobType')
config.JobType.psetName = 'PSet.py'
config.JobType.scriptExe = 'crab_script.sh'
config.JobType.maxJobRuntimeMin = 2700
config.JobType.pluginName = 'Analysis'
config.JobType.sendVenvFolder = False
config.JobType.inputFiles = ['crab_script_copy.py', '../scripts/keep_and_drop.txt']
config.section_('Data')
config.Data.splitting = 'FileBased'
config.Data.allowNonValidInputDataset = True
config.Data.publication = False
config.Data.unitsPerJob = 2000
config.Data.inputDataset = '/TTTo2J1L1Nu_CP5_13p6TeV_powheg-pythia8/Run3Winter22NanoAOD-122X_mcRun3_2021_realistic_v9-v1/NANOAODSIM'
config.Data.outLFNDirBase = '/store/user/apuglia'
config.Data.inputDBS = 'global'
config.Data.outputDatasetTag = 'TTTo2J1L1Nu'
config.section_('Site')
config.Site.storageSite = 'T2_IT_Pisa'

DEBUG 2025-03-14 11:47:24.920 UTC: 	 submit() - self.configreq {'dryrun': 0, 'workflow': 'crab_TTTo2J1L1Nu', 'saveoutput': 1, 'savelogsflag': 1, 'inputdata': '/TTTo2J1L1Nu_CP5_13p6TeV_powheg-pythia8/Run3Winter22NanoAOD-122X_mcRun3_2021_realistic_v9-v1/NANOAODSIM', 'nonvaliddata': 1, 'userfiles': [], 'dbsurl': 'https://cmsweb.cern.ch/dbs/prod/global/DBSReader', 'useparent': 0, 'ignorelocality': 0, 'splitalgo': 'FileBased', 'algoargs': 2000, 'totalunits': 0, 'lfn': '/store/user/apuglia', 'publication': 0, 'publishdbsurl': 'https://cmsweb.cern.ch/dbs/prod/phys03/DBSWriter', 'publishname2': 'TTTo2J1L1Nu', 'jobtype': 'Analysis', 'generator': 'pythia', 'addoutputfiles': [], 'maxjobruntime': 2700, 'numcores': 1, 'maxmemory': 2000, 'priority': 10, 'nonprodsw': 0, 'scriptexe': 'crab_script.sh', 'asyncdest': 'T2_IT_Pisa', 'requireaccelerator': 0, 'oneEventMode': 0, 'extrajdl': [], 'ignoreglobalblacklist': 0, 'partialdataset': 0, 'inputblocks': []}
DEBUG 2025-03-14 11:47:24.920 UTC: 	 submit() - jobconfig {'addoutputfiles': [], 'tfileoutfiles': [], 'edmoutfiles': ['tree_hadd.root'], 'jobarch': 'el9_amd64_gcc12', 'jobminuarch': 'any', 'jobsw': 'CMSSW_14_1_7', 'inputdata': '/TTTo2J1L1Nu_CP5_13p6TeV_powheg-pythia8/Run3Winter22NanoAOD-122X_mcRun3_2021_realistic_v9-v1/NANOAODSIM', 'cacheurl': 'https://cmsweb.cern.ch/S3/crabcache_prod', 'cachefilename': 'f62c3b485e24d7086099cd225b0d39e10cca5ad0996e59f5b90113b11d41dc1b.tar.gz', 'debugfilename': '1e2ffc8f7c367ee8f52b9bccc99e2e81f8e286ba82b52660dc6d5012aeb19ccb.tar.gz', 'jobtype': 'Analysis'}
INFO 2025-03-14 11:47:24.920 UTC: 	 Sending the request to the server at cmsweb.cern.ch
DEBUG 2025-03-14 11:47:24.920 UTC: 	 Submitting {'dryrun': 0, 'workflow': 'crab_TTTo2J1L1Nu', 'saveoutput': 1, 'savelogsflag': 1, 'inputdata': '/TTTo2J1L1Nu_CP5_13p6TeV_powheg-pythia8/Run3Winter22NanoAOD-122X_mcRun3_2021_realistic_v9-v1/NANOAODSIM', 'nonvaliddata': 1, 'userfiles': [], 'dbsurl': 'https://cmsweb.cern.ch/dbs/prod/global/DBSReader', 'useparent': 0, 'ignorelocality': 0, 'splitalgo': 'FileBased', 'algoargs': 2000, 'totalunits': 0, 'lfn': '/store/user/apuglia', 'publication': 0, 'publishdbsurl': 'https://cmsweb.cern.ch/dbs/prod/phys03/DBSWriter', 'publishname2': 'TTTo2J1L1Nu', 'jobtype': 'Analysis', 'generator': 'pythia', 'addoutputfiles': [], 'maxjobruntime': 2700, 'numcores': 1, 'maxmemory': 2000, 'priority': 10, 'nonprodsw': 0, 'scriptexe': 'crab_script.sh', 'asyncdest': 'T2_IT_Pisa', 'requireaccelerator': 0, 'oneEventMode': 0, 'extrajdl': [], 'ignoreglobalblacklist': 0, 'partialdataset': 0, 'inputblocks': [], 'tfileoutfiles': [], 'edmoutfiles': ['tree_hadd.root'], 'jobarch': 'el9_amd64_gcc12', 'jobminuarch': 'any', 'jobsw': 'CMSSW_14_1_7', 'cacheurl': 'https://cmsweb.cern.ch/S3/crabcache_prod', 'cachefilename': 'f62c3b485e24d7086099cd225b0d39e10cca5ad0996e59f5b90113b11d41dc1b.tar.gz', 'debugfilename': '1e2ffc8f7c367ee8f52b9bccc99e2e81f8e286ba82b52660dc6d5012aeb19ccb.tar.gz'} 
DEBUG 2025-03-14 11:47:24.921 UTC: 	 Encoded data for curl request: dryrun=0&workflow=crab_TTTo2J1L1Nu&saveoutput=1&savelogsflag=1&inputdata=%2FTTTo2J1L1Nu_CP5_13p6TeV_powheg-pythia8%2FRun3Winter22NanoAOD-122X_mcRun3_2021_realistic_v9-v1%2FNANOAODSIM&nonvaliddata=1&dbsurl=https%3A%2F%2Fcmsweb.cern.ch%2Fdbs%2Fprod%2Fglobal%2FDBSReader&useparent=0&ignorelocality=0&splitalgo=FileBased&algoargs=2000&totalunits=0&lfn=%2Fstore%2Fuser%2Fapuglia&publication=0&publishdbsurl=https%3A%2F%2Fcmsweb.cern.ch%2Fdbs%2Fprod%2Fphys03%2FDBSWriter&publishname2=TTTo2J1L1Nu&jobtype=Analysis&generator=pythia&maxjobruntime=2700&numcores=1&maxmemory=2000&priority=10&nonprodsw=0&scriptexe=crab_script.sh&asyncdest=T2_IT_Pisa&requireaccelerator=0&oneEventMode=0&ignoreglobalblacklist=0&partialdataset=0&jobarch=el9_amd64_gcc12&jobminuarch=any&jobsw=CMSSW_14_1_7&cacheurl=https%3A%2F%2Fcmsweb.cern.ch%2FS3%2Fcrabcache_prod&cachefilename=f62c3b485e24d7086099cd225b0d39e10cca5ad0996e59f5b90113b11d41dc1b.tar.gz&debugfilename=1e2ffc8f7c367ee8f52b9bccc99e2e81f8e286ba82b52660dc6d5012aeb19ccb.tar.gz&edmoutfiles=tree_hadd.root
DEBUG 2025-03-14 11:47:24.989 UTC: 	 Result: {'result': [{'RequestName': '250314_114724:apuglia_crab_TTTo2J1L1Nu'}]}
INFO 2025-03-14 11:47:24.999 UTC: 	 Success: Your task has been delivered to the prod CRAB3 server.
INFO 2025-03-14 11:47:24.999 UTC: 	 Task name: 250314_114724:apuglia_crab_TTTo2J1L1Nu
INFO 2025-03-14 11:47:24.999 UTC: 	 Project dir: ./crab_TTTo2J1L1Nu
INFO 2025-03-14 11:47:24.999 UTC: 	 Please use ' crab status -d ./crab_TTTo2J1L1Nu ' to check how the submission process proceeds.
DEBUG 2025-03-14 11:47:24.999 UTC: 	 About to return
INFO 2025-03-14 11:47:25.023 UTC: 	 Log file is /eos/home-a/apuglia/SWAN_projects/thesis/CMSSW_14_1_7/src/PhysicsTools/NanoAODTools/crab/crab_TTTo2J1L1Nu/crab.log
DEBUG 2025-03-14 11:47:48.742 UTC: 	 CRAB Client version: v3.250217
DEBUG 2025-03-14 11:47:48.742 UTC: 	 Running on: Linux lxplus920.cern.ch 5.14.0-503.26.1.el9_5.x86_64 #1 SMP PREEMPT_DYNAMIC Mon Feb 10 05:23:56 EST 2025 x86_64 x86_64 x86_64 GNU/Linux
DEBUG 2025-03-14 11:47:48.742 UTC: 	 Not using Singularity
DEBUG 2025-03-14 11:47:48.742 UTC: 	 Operating System: Red Hat Enterprise Linux 9.5 (Plow)
DEBUG 2025-03-14 11:47:48.742 UTC: 	 Executing command: 'status'
DEBUG 2025-03-14 11:47:48.742 UTC: 	 Found CRAB cache file /afs/cern.ch/user/a/apuglia/.crab3
DEBUG 2025-03-14 11:47:48.748 UTC: 	 Checking credentials
DEBUG 2025-03-14 11:47:48.748 UTC: 	 Found proxy file /tmp/x509up_u180940
DEBUG 2025-03-14 11:47:48.748 UTC: 	 Making sure it has proper VOMS extension
DEBUG 2025-03-14 11:47:48.748 UTC: 	 Executing command :
 voms-proxy-info --vo --file /tmp/x509up_u180940
DEBUG 2025-03-14 11:47:49.142 UTC: 	 output : cms

 error: 
 retcode : 0
DEBUG 2025-03-14 11:47:49.142 UTC: 	 Getting proxy life time left
DEBUG 2025-03-14 11:47:49.143 UTC: 	 Executing command :
 voms-proxy-info --actimeleft --timeleft --file /tmp/x509up_u180940
DEBUG 2025-03-14 11:47:49.529 UTC: 	 output : 687633
687633

 error: 
 retcode : 0
DEBUG 2025-03-14 11:47:49.529 UTC: 	 Proxy valid for 191:00:33 hours
DEBUG 2025-03-14 11:47:49.529 UTC: 	 Encoded data for curl request: subresource=delegatedn
DEBUG 2025-03-14 11:47:49.586 UTC: 	 Registering user credentials on myproxy for /DC=ch/DC=cern/OU=computers/CN=crab-(preprod|prod)-tw(01|02).cern.ch|/DC=ch/DC=cern/OU=computers/CN=crab-dev-tw(01|02|03|04).cern.ch|/DC=ch/DC=cern/OU=Organic Units/OU=Users/CN=cmscrab/CN=(817881|373708)/CN=Robot: cms crab|/DC=ch/DC=cern/OU=Organic Units/OU=Users/CN=crabint1/CN=373708/CN=Robot: CMS CRAB Integration 1
DEBUG 2025-03-14 11:47:49.586 UTC: 	 Executing command :
 voms-proxy-info --identity --file /tmp/x509up_u180940
DEBUG 2025-03-14 11:47:49.977 UTC: 	 output : /DC=ch/DC=cern/OU=Organic Units/OU=Users/CN=apuglia/CN=885270/CN=Andrea Camilla Puglia

 error: 
 retcode : 0
DEBUG 2025-03-14 11:47:49.977 UTC: 	 Getting myproxy life time left for bbb60dc5a44802d56653e3a555244abd1d126f21
DEBUG 2025-03-14 11:47:49.977 UTC: 	 Executing command :
 myproxy-info -s myproxy.cern.ch -l bbb60dc5a44802d56653e3a555244abd1d126f21
DEBUG 2025-03-14 11:47:50.509 UTC: 	 output : username: bbb60dc5a44802d56653e3a555244abd1d126f21
owner: /DC=ch/DC=cern/OU=Organic Units/OU=Users/CN=apuglia/CN=885270/CN=Andrea Camilla Puglia
  renewal policy: /DC=ch/DC=cern/OU=computers/CN=crab-(preprod|prod)-tw(01|02).cern.ch|/DC=ch/DC=cern/OU=computers/CN=crab-dev-tw(01|02|03|04).cern.ch|/DC=ch/DC=cern/OU=Organic Units/OU=Users/CN=cmscrab/CN=(817881|373708)/CN=Robot: cms crab|/DC=ch/DC=cern/OU=Organic Units/OU=Users/CN=crabint1/CN=373708/CN=Robot: CMS CRAB Integration 1
  trusted retrieval policy: /DC=ch/DC=cern/OU=computers/CN=crab-(preprod|prod)-tw(01|02).cern.ch|/DC=ch/DC=cern/OU=computers/CN=crab-dev-tw(01|02|03|04).cern.ch|/DC=ch/DC=cern/OU=Organic Units/OU=Users/CN=cmscrab/CN=(817881|373708)/CN=Robot: cms crab|/DC=ch/DC=cern/OU=Organic Units/OU=Users/CN=crabint1/CN=373708/CN=Robot: CMS CRAB Integration 1
  timeleft: 706:46:17  (29.4 days)

 error: 
 retcode : 0
DEBUG 2025-03-14 11:47:50.509 UTC: 	 Myproxy is valid: 2544360
DEBUG 2025-03-14 11:47:50.509 UTC: 	 Result of myproxy credential check:
  Credential exists on myproxy: username: bbb60dc5a44802d56653e3a555244abd1d126f21  - validity: 29 days, 10:46:00
DEBUG 2025-03-14 11:47:50.509 UTC: 	 Retrieving username ...
DEBUG 2025-03-14 11:47:50.509 UTC: 	 Retrieving username from CRIC...
DEBUG 2025-03-14 11:47:51.264 UTC: 	 username is apuglia
INFO 2025-03-14 11:47:51.844 UTC: 	 Rucio client intialized for account apuglia
DEBUG 2025-03-14 11:47:51.845 UTC: 	 Command use: status
DEBUG 2025-03-14 11:47:51.845 UTC: 	 Options use: ['-d', './crab_TTTo2J1L1Nu']
DEBUG 2025-03-14 11:47:51.845 UTC: 	 Encoded data for curl request: subresource=version
DEBUG 2025-03-14 11:47:51.895 UTC: 	 CRABClient version: v3.250217
DEBUG 2025-03-14 11:47:51.895 UTC: 	 Instance is prod
DEBUG 2025-03-14 11:47:51.895 UTC: 	 Server base url is cmsweb.cern.ch
DEBUG 2025-03-14 11:47:51.895 UTC: 	 Command api workflow
DEBUG 2025-03-14 11:47:51.896 UTC: 	 Encoded data for curl request: subresource=search&workflow=250314_114724%3Aapuglia_crab_TTTo2J1L1Nu
DEBUG 2025-03-14 11:47:51.965 UTC: 	 Got information from server oracle database: {'desc': {'columns': ['tm_taskname', 'tm_activity', 'tm_task_status', 'tm_task_command', 'tm_start_time', 'tm_start_injection', 'tm_end_injection', 'tm_task_failure', 'tm_job_sw', 'tm_job_arch', 'tm_input_dataset', 'tm_nonvalid_input_dataset', 'tm_use_parent', 'tm_site_whitelist', 'tm_site_blacklist', 'tm_split_algo', 'tm_split_args', 'tm_user_sandbox', 'tm_cache_url', 'tm_username', 'tm_user_dn', 'tm_user_vo', 'tm_user_role', 'tm_user_group', 'tm_publish_name', 'tm_publish_groupname', 'tm_asyncdest', 'tm_dbs_url', 'tm_publish_dbs_url', 'tm_publication', 'tm_outfiles', 'tm_tfile_outfiles', 'tm_edm_outfiles', 'tm_job_type', 'tm_generator', 'tm_events_per_lumi', 'tm_arguments', 'tm_save_logs', 'tw_name', 'tm_user_infiles', 'tm_maxjobruntime', 'tm_numcores', 'tm_maxmemory', 'tm_priority', 'tm_output_dataset', 'tm_task_warnings', 'tm_user_webdir', 'tm_scriptexe', 'tm_scriptargs', 'tm_extrajdl', 'tm_collector', 'tm_schedd', 'tm_dry_run', 'tm_user_files', 'tm_transfer_outputs', 'tm_output_lfn', 'tm_ignore_locality', 'tm_fail_limit', 'tm_one_event_mode', 'tm_secondary_input_dataset', 'tm_primary_dataset', 'tm_last_publication', 'tm_debug_files', 'clusterid', 'tm_ignore_global_blacklist', 'tm_submitter_ip_addr', 'tm_totalunits', 'tm_ddm_reqid', 'tm_user_config', 'tm_transfer_container', 'tm_transfer_rule', 'tm_publish_rule', 'tm_multipub_rule', 'tm_job_min_microarch']}, 'result': ['250314_114724:apuglia_crab_TTTo2J1L1Nu', 'None', 'WAITING', 'SUBMIT', '2025-03-14 11:47:24.982789', 'None', 'None', 'None', 'CMSSW_14_1_7', 'el9_amd64_gcc12', '/TTTo2J1L1Nu_CP5_13p6TeV_powheg-pythia8/Run3Winter22NanoAOD-122X_mcRun3_2021_realistic_v9-v1/NANOAODSIM', 'T', '0', '[]', '[]', 'FileBased', "{'halt_job_on_file_boundaries': False, 'splitOnRun': False, 'files_per_job': 2000, 'runs': [], 'lumis': []}", 'f62c3b485e24d7086099cd225b0d39e10cca5ad0996e59f5b90113b11d41dc1b.tar.gz', 'https://cmsweb.cern.ch/S3/crabcache_prod', 'apuglia', '/DC=ch/DC=cern/OU=Organic Units/OU=Users/CN=apuglia/CN=885270/CN=Andrea Camilla Puglia', 'cms', 'None', 'None', 'TTTo2J1L1Nu-00000000000000000000000000000000', 'F', 'T2_IT_Pisa', 'https://cmsweb.cern.ch/dbs/prod/global/DBSReader', 'https://cmsweb.cern.ch/dbs/prod/phys03/DBSWriter', 'F', '[]', '[]', "['tree_hadd.root']", 'Analysis', 'pythia', 'None', '{}', 'T', 'NotKnownYet', '[]', '2700', '1', '2000', '10', 'None', '[]', 'None', 'crab_script.sh', '[]', '[]', 'cmsgwms-collector-global.cern.ch:9620,cmsgwms-collector-global.fnal.gov:9620', 'None', 'F', '[]', 'T', '/store/user/apuglia', 'F', 'None', 'F', 'None', 'TTTo2J1L1Nu_CP5_13p6TeV_powheg-pythia8', 'None', '1e2ffc8f7c367ee8f52b9bccc99e2e81f8e286ba82b52660dc6d5012aeb19ccb.tar.gz', 'None', 'F', '188.185.89.194', '0.0', 'None', '{"partialdataset": false, "requireaccelerator": false, "acceleratorparams": null, "inputblocks": null}', 'None', 'None', 'None', 'None', 'any']}
INFO 2025-03-14 11:47:51.965 UTC: 	 CRAB project directory:		/eos/home-a/apuglia/SWAN_projects/thesis/CMSSW_14_1_7/src/PhysicsTools/NanoAODTools/crab/crab_TTTo2J1L1Nu
INFO 2025-03-14 11:47:51.965 UTC: 	 Task name:			250314_114724:apuglia_crab_TTTo2J1L1Nu
INFO 2025-03-14 11:47:51.965 UTC: 	 Grid scheduler - Task Worker:	N/A yet - NotKnownYet
INFO 2025-03-14 11:47:51.965 UTC: 	 Status on the CRAB server:	WAITING on command SUBMIT
INFO 2025-03-14 11:47:51.965 UTC: 	 Task URL to use for HELP:	https://cmsweb.cern.ch/crabserver/ui/task/250314_114724%3Aapuglia_crab_TTTo2J1L1Nu
INFO 2025-03-14 11:47:51.971 UTC: 	 Dashboard monitoring URL:	https://monit-grafana.cern.ch/d/cmsTMDetail/cms-task-monitoring-task-view?orgId=11&var-user=apuglia&var-task=250314_114724%3Aapuglia_crab_TTTo2J1L1Nu&from=1741949244000&to=now
DEBUG 2025-03-14 11:47:51.971 UTC: 	 The task has not been submitted to the Grid scheduler yet. Not printing job information.
INFO 2025-03-14 11:47:51.984 UTC: 	 Log file is /eos/home-a/apuglia/SWAN_projects/thesis/CMSSW_14_1_7/src/PhysicsTools/NanoAODTools/crab/crab_TTTo2J1L1Nu/crab.log
DEBUG 2025-03-14 11:48:25.188 UTC: 	 CRAB Client version: v3.250217
DEBUG 2025-03-14 11:48:25.188 UTC: 	 Running on: Linux lxplus920.cern.ch 5.14.0-503.26.1.el9_5.x86_64 #1 SMP PREEMPT_DYNAMIC Mon Feb 10 05:23:56 EST 2025 x86_64 x86_64 x86_64 GNU/Linux
DEBUG 2025-03-14 11:48:25.188 UTC: 	 Not using Singularity
DEBUG 2025-03-14 11:48:25.189 UTC: 	 Operating System: Red Hat Enterprise Linux 9.5 (Plow)
DEBUG 2025-03-14 11:48:25.189 UTC: 	 Executing command: 'status'
DEBUG 2025-03-14 11:48:25.189 UTC: 	 Found CRAB cache file /afs/cern.ch/user/a/apuglia/.crab3
DEBUG 2025-03-14 11:48:25.194 UTC: 	 Checking credentials
DEBUG 2025-03-14 11:48:25.194 UTC: 	 Found proxy file /tmp/x509up_u180940
DEBUG 2025-03-14 11:48:25.194 UTC: 	 Making sure it has proper VOMS extension
DEBUG 2025-03-14 11:48:25.194 UTC: 	 Executing command :
 voms-proxy-info --vo --file /tmp/x509up_u180940
DEBUG 2025-03-14 11:48:25.547 UTC: 	 output : cms

 error: 
 retcode : 0
DEBUG 2025-03-14 11:48:25.547 UTC: 	 Getting proxy life time left
DEBUG 2025-03-14 11:48:25.547 UTC: 	 Executing command :
 voms-proxy-info --actimeleft --timeleft --file /tmp/x509up_u180940
DEBUG 2025-03-14 11:48:25.901 UTC: 	 output : 687597
687597

 error: 
 retcode : 0
DEBUG 2025-03-14 11:48:25.901 UTC: 	 Proxy valid for 190:59:57 hours
DEBUG 2025-03-14 11:48:25.902 UTC: 	 Encoded data for curl request: subresource=delegatedn
DEBUG 2025-03-14 11:48:25.947 UTC: 	 Registering user credentials on myproxy for /DC=ch/DC=cern/OU=computers/CN=crab-(preprod|prod)-tw(01|02).cern.ch|/DC=ch/DC=cern/OU=computers/CN=crab-dev-tw(01|02|03|04).cern.ch|/DC=ch/DC=cern/OU=Organic Units/OU=Users/CN=cmscrab/CN=(817881|373708)/CN=Robot: cms crab|/DC=ch/DC=cern/OU=Organic Units/OU=Users/CN=crabint1/CN=373708/CN=Robot: CMS CRAB Integration 1
DEBUG 2025-03-14 11:48:25.947 UTC: 	 Executing command :
 voms-proxy-info --identity --file /tmp/x509up_u180940
DEBUG 2025-03-14 11:48:26.310 UTC: 	 output : /DC=ch/DC=cern/OU=Organic Units/OU=Users/CN=apuglia/CN=885270/CN=Andrea Camilla Puglia

 error: 
 retcode : 0
DEBUG 2025-03-14 11:48:26.310 UTC: 	 Getting myproxy life time left for bbb60dc5a44802d56653e3a555244abd1d126f21
DEBUG 2025-03-14 11:48:26.310 UTC: 	 Executing command :
 myproxy-info -s myproxy.cern.ch -l bbb60dc5a44802d56653e3a555244abd1d126f21
DEBUG 2025-03-14 11:48:26.574 UTC: 	 output : username: bbb60dc5a44802d56653e3a555244abd1d126f21
owner: /DC=ch/DC=cern/OU=Organic Units/OU=Users/CN=apuglia/CN=885270/CN=Andrea Camilla Puglia
  renewal policy: /DC=ch/DC=cern/OU=computers/CN=crab-(preprod|prod)-tw(01|02).cern.ch|/DC=ch/DC=cern/OU=computers/CN=crab-dev-tw(01|02|03|04).cern.ch|/DC=ch/DC=cern/OU=Organic Units/OU=Users/CN=cmscrab/CN=(817881|373708)/CN=Robot: cms crab|/DC=ch/DC=cern/OU=Organic Units/OU=Users/CN=crabint1/CN=373708/CN=Robot: CMS CRAB Integration 1
  trusted retrieval policy: /DC=ch/DC=cern/OU=computers/CN=crab-(preprod|prod)-tw(01|02).cern.ch|/DC=ch/DC=cern/OU=computers/CN=crab-dev-tw(01|02|03|04).cern.ch|/DC=ch/DC=cern/OU=Organic Units/OU=Users/CN=cmscrab/CN=(817881|373708)/CN=Robot: cms crab|/DC=ch/DC=cern/OU=Organic Units/OU=Users/CN=crabint1/CN=373708/CN=Robot: CMS CRAB Integration 1
  timeleft: 706:45:41  (29.4 days)

 error: 
 retcode : 0
DEBUG 2025-03-14 11:48:26.574 UTC: 	 Myproxy is valid: 2544300
DEBUG 2025-03-14 11:48:26.574 UTC: 	 Result of myproxy credential check:
  Credential exists on myproxy: username: bbb60dc5a44802d56653e3a555244abd1d126f21  - validity: 29 days, 10:45:00
DEBUG 2025-03-14 11:48:26.574 UTC: 	 Retrieving username ...
DEBUG 2025-03-14 11:48:26.574 UTC: 	 Retrieving username from CRIC...
DEBUG 2025-03-14 11:48:27.287 UTC: 	 username is apuglia
INFO 2025-03-14 11:48:27.944 UTC: 	 Rucio client intialized for account apuglia
DEBUG 2025-03-14 11:48:27.946 UTC: 	 Command use: status
DEBUG 2025-03-14 11:48:27.946 UTC: 	 Options use: ['-d', './crab_TTTo2J1L1Nu']
DEBUG 2025-03-14 11:48:27.946 UTC: 	 Encoded data for curl request: subresource=version
DEBUG 2025-03-14 11:48:27.985 UTC: 	 CRABClient version: v3.250217
DEBUG 2025-03-14 11:48:27.985 UTC: 	 Instance is prod
DEBUG 2025-03-14 11:48:27.985 UTC: 	 Server base url is cmsweb.cern.ch
DEBUG 2025-03-14 11:48:27.985 UTC: 	 Command api workflow
DEBUG 2025-03-14 11:48:27.985 UTC: 	 Encoded data for curl request: subresource=search&workflow=250314_114724%3Aapuglia_crab_TTTo2J1L1Nu
DEBUG 2025-03-14 11:48:28.036 UTC: 	 Got information from server oracle database: {'desc': {'columns': ['tm_taskname', 'tm_activity', 'tm_task_status', 'tm_task_command', 'tm_start_time', 'tm_start_injection', 'tm_end_injection', 'tm_task_failure', 'tm_job_sw', 'tm_job_arch', 'tm_input_dataset', 'tm_nonvalid_input_dataset', 'tm_use_parent', 'tm_site_whitelist', 'tm_site_blacklist', 'tm_split_algo', 'tm_split_args', 'tm_user_sandbox', 'tm_cache_url', 'tm_username', 'tm_user_dn', 'tm_user_vo', 'tm_user_role', 'tm_user_group', 'tm_publish_name', 'tm_publish_groupname', 'tm_asyncdest', 'tm_dbs_url', 'tm_publish_dbs_url', 'tm_publication', 'tm_outfiles', 'tm_tfile_outfiles', 'tm_edm_outfiles', 'tm_job_type', 'tm_generator', 'tm_events_per_lumi', 'tm_arguments', 'tm_save_logs', 'tw_name', 'tm_user_infiles', 'tm_maxjobruntime', 'tm_numcores', 'tm_maxmemory', 'tm_priority', 'tm_output_dataset', 'tm_task_warnings', 'tm_user_webdir', 'tm_scriptexe', 'tm_scriptargs', 'tm_extrajdl', 'tm_collector', 'tm_schedd', 'tm_dry_run', 'tm_user_files', 'tm_transfer_outputs', 'tm_output_lfn', 'tm_ignore_locality', 'tm_fail_limit', 'tm_one_event_mode', 'tm_secondary_input_dataset', 'tm_primary_dataset', 'tm_last_publication', 'tm_debug_files', 'clusterid', 'tm_ignore_global_blacklist', 'tm_submitter_ip_addr', 'tm_totalunits', 'tm_ddm_reqid', 'tm_user_config', 'tm_transfer_container', 'tm_transfer_rule', 'tm_publish_rule', 'tm_multipub_rule', 'tm_job_min_microarch']}, 'result': ['250314_114724:apuglia_crab_TTTo2J1L1Nu', 'None', 'QUEUED', 'SUBMIT', '2025-03-14 11:47:24.982789', 'None', 'None', 'None', 'CMSSW_14_1_7', 'el9_amd64_gcc12', '/TTTo2J1L1Nu_CP5_13p6TeV_powheg-pythia8/Run3Winter22NanoAOD-122X_mcRun3_2021_realistic_v9-v1/NANOAODSIM', 'T', '0', '[]', '[]', 'FileBased', "{'halt_job_on_file_boundaries': False, 'splitOnRun': False, 'files_per_job': 2000, 'runs': [], 'lumis': []}", 'f62c3b485e24d7086099cd225b0d39e10cca5ad0996e59f5b90113b11d41dc1b.tar.gz', 'https://cmsweb.cern.ch/S3/crabcache_prod', 'apuglia', '/DC=ch/DC=cern/OU=Organic Units/OU=Users/CN=apuglia/CN=885270/CN=Andrea Camilla Puglia', 'cms', 'None', 'None', 'TTTo2J1L1Nu-00000000000000000000000000000000', 'F', 'T2_IT_Pisa', 'https://cmsweb.cern.ch/dbs/prod/global/DBSReader', 'https://cmsweb.cern.ch/dbs/prod/phys03/DBSWriter', 'F', '[]', '[]', "['tree_hadd.root']", 'Analysis', 'pythia', 'None', '{}', 'T', 'crab-prod-tw01', '[]', '2700', '1', '2000', '10', 'None', '[]', 'None', 'crab_script.sh', '[]', '[]', 'cmsgwms-collector-global.cern.ch:9620,cmsgwms-collector-global.fnal.gov:9620', 'None', 'F', '[]', 'T', '/store/user/apuglia', 'F', 'None', 'F', 'None', 'TTTo2J1L1Nu_CP5_13p6TeV_powheg-pythia8', 'None', '1e2ffc8f7c367ee8f52b9bccc99e2e81f8e286ba82b52660dc6d5012aeb19ccb.tar.gz', 'None', 'F', '188.185.89.194', '0.0', 'None', '{"partialdataset": false, "requireaccelerator": false, "acceleratorparams": null, "inputblocks": null}', 'None', 'None', 'None', 'None', 'any']}
INFO 2025-03-14 11:48:28.037 UTC: 	 CRAB project directory:		/eos/home-a/apuglia/SWAN_projects/thesis/CMSSW_14_1_7/src/PhysicsTools/NanoAODTools/crab/crab_TTTo2J1L1Nu
INFO 2025-03-14 11:48:28.037 UTC: 	 Task name:			250314_114724:apuglia_crab_TTTo2J1L1Nu
INFO 2025-03-14 11:48:28.037 UTC: 	 Grid scheduler - Task Worker:	N/A yet - crab-prod-tw01
INFO 2025-03-14 11:48:28.037 UTC: 	 Status on the CRAB server:	QUEUED on command SUBMIT
INFO 2025-03-14 11:48:28.037 UTC: 	 Task URL to use for HELP:	https://cmsweb.cern.ch/crabserver/ui/task/250314_114724%3Aapuglia_crab_TTTo2J1L1Nu
INFO 2025-03-14 11:48:28.043 UTC: 	 Dashboard monitoring URL:	https://monit-grafana.cern.ch/d/cmsTMDetail/cms-task-monitoring-task-view?orgId=11&var-user=apuglia&var-task=250314_114724%3Aapuglia_crab_TTTo2J1L1Nu&from=1741949244000&to=now
DEBUG 2025-03-14 11:48:28.043 UTC: 	 The task has not been submitted to the Grid scheduler yet. Not printing job information.
INFO 2025-03-14 11:48:28.050 UTC: 	 Log file is /eos/home-a/apuglia/SWAN_projects/thesis/CMSSW_14_1_7/src/PhysicsTools/NanoAODTools/crab/crab_TTTo2J1L1Nu/crab.log
DEBUG 2025-03-14 11:51:48.353 UTC: 	 CRAB Client version: v3.250217
DEBUG 2025-03-14 11:51:48.353 UTC: 	 Running on: Linux lxplus920.cern.ch 5.14.0-503.26.1.el9_5.x86_64 #1 SMP PREEMPT_DYNAMIC Mon Feb 10 05:23:56 EST 2025 x86_64 x86_64 x86_64 GNU/Linux
DEBUG 2025-03-14 11:51:48.353 UTC: 	 Not using Singularity
DEBUG 2025-03-14 11:51:48.353 UTC: 	 Operating System: Red Hat Enterprise Linux 9.5 (Plow)
DEBUG 2025-03-14 11:51:48.353 UTC: 	 Executing command: 'status'
DEBUG 2025-03-14 11:51:48.353 UTC: 	 Found CRAB cache file /afs/cern.ch/user/a/apuglia/.crab3
DEBUG 2025-03-14 11:51:48.358 UTC: 	 Checking credentials
DEBUG 2025-03-14 11:51:48.358 UTC: 	 Found proxy file /tmp/x509up_u180940
DEBUG 2025-03-14 11:51:48.358 UTC: 	 Making sure it has proper VOMS extension
DEBUG 2025-03-14 11:51:48.358 UTC: 	 Executing command :
 voms-proxy-info --vo --file /tmp/x509up_u180940
DEBUG 2025-03-14 11:51:48.743 UTC: 	 output : cms

 error: 
 retcode : 0
DEBUG 2025-03-14 11:51:48.743 UTC: 	 Getting proxy life time left
DEBUG 2025-03-14 11:51:48.743 UTC: 	 Executing command :
 voms-proxy-info --actimeleft --timeleft --file /tmp/x509up_u180940
DEBUG 2025-03-14 11:51:49.125 UTC: 	 output : 687393
687393

 error: 
 retcode : 0
DEBUG 2025-03-14 11:51:49.125 UTC: 	 Proxy valid for 190:56:33 hours
DEBUG 2025-03-14 11:51:49.126 UTC: 	 Encoded data for curl request: subresource=delegatedn
DEBUG 2025-03-14 11:51:49.175 UTC: 	 Registering user credentials on myproxy for /DC=ch/DC=cern/OU=computers/CN=crab-(preprod|prod)-tw(01|02).cern.ch|/DC=ch/DC=cern/OU=computers/CN=crab-dev-tw(01|02|03|04).cern.ch|/DC=ch/DC=cern/OU=Organic Units/OU=Users/CN=cmscrab/CN=(817881|373708)/CN=Robot: cms crab|/DC=ch/DC=cern/OU=Organic Units/OU=Users/CN=crabint1/CN=373708/CN=Robot: CMS CRAB Integration 1
DEBUG 2025-03-14 11:51:49.176 UTC: 	 Executing command :
 voms-proxy-info --identity --file /tmp/x509up_u180940
DEBUG 2025-03-14 11:51:49.570 UTC: 	 output : /DC=ch/DC=cern/OU=Organic Units/OU=Users/CN=apuglia/CN=885270/CN=Andrea Camilla Puglia

 error: 
 retcode : 0
DEBUG 2025-03-14 11:51:49.571 UTC: 	 Getting myproxy life time left for bbb60dc5a44802d56653e3a555244abd1d126f21
DEBUG 2025-03-14 11:51:49.571 UTC: 	 Executing command :
 myproxy-info -s myproxy.cern.ch -l bbb60dc5a44802d56653e3a555244abd1d126f21
DEBUG 2025-03-14 11:51:49.862 UTC: 	 output : username: bbb60dc5a44802d56653e3a555244abd1d126f21
owner: /DC=ch/DC=cern/OU=Organic Units/OU=Users/CN=apuglia/CN=885270/CN=Andrea Camilla Puglia
  renewal policy: /DC=ch/DC=cern/OU=computers/CN=crab-(preprod|prod)-tw(01|02).cern.ch|/DC=ch/DC=cern/OU=computers/CN=crab-dev-tw(01|02|03|04).cern.ch|/DC=ch/DC=cern/OU=Organic Units/OU=Users/CN=cmscrab/CN=(817881|373708)/CN=Robot: cms crab|/DC=ch/DC=cern/OU=Organic Units/OU=Users/CN=crabint1/CN=373708/CN=Robot: CMS CRAB Integration 1
  trusted retrieval policy: /DC=ch/DC=cern/OU=computers/CN=crab-(preprod|prod)-tw(01|02).cern.ch|/DC=ch/DC=cern/OU=computers/CN=crab-dev-tw(01|02|03|04).cern.ch|/DC=ch/DC=cern/OU=Organic Units/OU=Users/CN=cmscrab/CN=(817881|373708)/CN=Robot: cms crab|/DC=ch/DC=cern/OU=Organic Units/OU=Users/CN=crabint1/CN=373708/CN=Robot: CMS CRAB Integration 1
  timeleft: 706:42:18  (29.4 days)

 error: 
 retcode : 0
DEBUG 2025-03-14 11:51:49.862 UTC: 	 Myproxy is valid: 2544120
DEBUG 2025-03-14 11:51:49.862 UTC: 	 Result of myproxy credential check:
  Credential exists on myproxy: username: bbb60dc5a44802d56653e3a555244abd1d126f21  - validity: 29 days, 10:42:00
DEBUG 2025-03-14 11:51:49.863 UTC: 	 Retrieving username ...
DEBUG 2025-03-14 11:51:49.863 UTC: 	 Retrieving username from CRIC...
DEBUG 2025-03-14 11:51:50.482 UTC: 	 username is apuglia
INFO 2025-03-14 11:51:51.036 UTC: 	 Rucio client intialized for account apuglia
DEBUG 2025-03-14 11:51:51.037 UTC: 	 Command use: status
DEBUG 2025-03-14 11:51:51.037 UTC: 	 Options use: ['-d', './crab_TTTo2J1L1Nu']
DEBUG 2025-03-14 11:51:51.037 UTC: 	 Encoded data for curl request: subresource=version
DEBUG 2025-03-14 11:51:51.089 UTC: 	 CRABClient version: v3.250217
DEBUG 2025-03-14 11:51:51.089 UTC: 	 Instance is prod
DEBUG 2025-03-14 11:51:51.089 UTC: 	 Server base url is cmsweb.cern.ch
DEBUG 2025-03-14 11:51:51.089 UTC: 	 Command api workflow
DEBUG 2025-03-14 11:51:51.089 UTC: 	 Encoded data for curl request: subresource=search&workflow=250314_114724%3Aapuglia_crab_TTTo2J1L1Nu
DEBUG 2025-03-14 11:51:51.143 UTC: 	 Got information from server oracle database: {'desc': {'columns': ['tm_taskname', 'tm_activity', 'tm_task_status', 'tm_task_command', 'tm_start_time', 'tm_start_injection', 'tm_end_injection', 'tm_task_failure', 'tm_job_sw', 'tm_job_arch', 'tm_input_dataset', 'tm_nonvalid_input_dataset', 'tm_use_parent', 'tm_site_whitelist', 'tm_site_blacklist', 'tm_split_algo', 'tm_split_args', 'tm_user_sandbox', 'tm_cache_url', 'tm_username', 'tm_user_dn', 'tm_user_vo', 'tm_user_role', 'tm_user_group', 'tm_publish_name', 'tm_publish_groupname', 'tm_asyncdest', 'tm_dbs_url', 'tm_publish_dbs_url', 'tm_publication', 'tm_outfiles', 'tm_tfile_outfiles', 'tm_edm_outfiles', 'tm_job_type', 'tm_generator', 'tm_events_per_lumi', 'tm_arguments', 'tm_save_logs', 'tw_name', 'tm_user_infiles', 'tm_maxjobruntime', 'tm_numcores', 'tm_maxmemory', 'tm_priority', 'tm_output_dataset', 'tm_task_warnings', 'tm_user_webdir', 'tm_scriptexe', 'tm_scriptargs', 'tm_extrajdl', 'tm_collector', 'tm_schedd', 'tm_dry_run', 'tm_user_files', 'tm_transfer_outputs', 'tm_output_lfn', 'tm_ignore_locality', 'tm_fail_limit', 'tm_one_event_mode', 'tm_secondary_input_dataset', 'tm_primary_dataset', 'tm_last_publication', 'tm_debug_files', 'clusterid', 'tm_ignore_global_blacklist', 'tm_submitter_ip_addr', 'tm_totalunits', 'tm_ddm_reqid', 'tm_user_config', 'tm_transfer_container', 'tm_transfer_rule', 'tm_publish_rule', 'tm_multipub_rule', 'tm_job_min_microarch']}, 'result': ['250314_114724:apuglia_crab_TTTo2J1L1Nu', 'None', 'SUBMITTED', 'SUBMIT', '2025-03-14 11:47:24.982789', 'None', '2025-03-14 11:48:45.495442', 'None', 'CMSSW_14_1_7', 'el9_amd64_gcc12', '/TTTo2J1L1Nu_CP5_13p6TeV_powheg-pythia8/Run3Winter22NanoAOD-122X_mcRun3_2021_realistic_v9-v1/NANOAODSIM', 'T', '0', '[]', '[]', 'FileBased', "{'halt_job_on_file_boundaries': False, 'splitOnRun': False, 'files_per_job': 2000, 'runs': [], 'lumis': []}", 'f62c3b485e24d7086099cd225b0d39e10cca5ad0996e59f5b90113b11d41dc1b.tar.gz', 'https://cmsweb.cern.ch/S3/crabcache_prod', 'apuglia', '/DC=ch/DC=cern/OU=Organic Units/OU=Users/CN=apuglia/CN=885270/CN=Andrea Camilla Puglia', 'cms', 'None', 'None', 'TTTo2J1L1Nu-00000000000000000000000000000000', 'F', 'T2_IT_Pisa', 'https://cmsweb.cern.ch/dbs/prod/global/DBSReader', 'https://cmsweb.cern.ch/dbs/prod/phys03/DBSWriter', 'F', '[]', '[]', "['tree_hadd.root']", 'Analysis', 'pythia', 'None', '{}', 'T', 'crab-prod-tw01', '[]', '2700', '1', '2000', '10', 'None', '[]', 'http://vocms0195.cern.ch/mon/apuglia/250314_114724:apuglia_crab_TTTo2J1L1Nu', 'crab_script.sh', '[]', '[]', 'cmsgwms-collector-global.cern.ch:9620,cmsgwms-collector-global.fnal.gov:9620', 'crab3@vocms0195.cern.ch', 'F', '[]', 'T', '/store/user/apuglia', 'F', 'None', 'F', 'None', 'TTTo2J1L1Nu_CP5_13p6TeV_powheg-pythia8', 'None', '1e2ffc8f7c367ee8f52b9bccc99e2e81f8e286ba82b52660dc6d5012aeb19ccb.tar.gz', '116913439', 'F', '188.185.89.194', '0.0', 'None', '{"partialdataset": false, "requireaccelerator": false, "acceleratorparams": null, "inputblocks": null}', 'None', 'None', 'None', 'None', 'any']}
INFO 2025-03-14 11:51:51.143 UTC: 	 CRAB project directory:		/eos/home-a/apuglia/SWAN_projects/thesis/CMSSW_14_1_7/src/PhysicsTools/NanoAODTools/crab/crab_TTTo2J1L1Nu
INFO 2025-03-14 11:51:51.143 UTC: 	 Task name:			250314_114724:apuglia_crab_TTTo2J1L1Nu
INFO 2025-03-14 11:51:51.143 UTC: 	 Grid scheduler - Task Worker:	crab3@vocms0195.cern.ch - crab-prod-tw01
INFO 2025-03-14 11:51:51.143 UTC: 	 Status on the CRAB server:	SUBMITTED
INFO 2025-03-14 11:51:51.144 UTC: 	 Task URL to use for HELP:	https://cmsweb.cern.ch/crabserver/ui/task/250314_114724%3Aapuglia_crab_TTTo2J1L1Nu
INFO 2025-03-14 11:51:51.150 UTC: 	 Dashboard monitoring URL:	https://monit-grafana.cern.ch/d/cmsTMDetail/cms-task-monitoring-task-view?orgId=11&var-user=apuglia&var-task=250314_114724%3Aapuglia_crab_TTTo2J1L1Nu&from=1741949244000&to=now
DEBUG 2025-03-14 11:51:51.150 UTC: 	 The CRAB server submitted your task to the Grid scheduler (cluster ID: 116913439)
DEBUG 2025-03-14 11:51:51.150 UTC: 	 Webdir is located at http://vocms0195.cern.ch/mon/apuglia/250314_114724:apuglia_crab_TTTo2J1L1Nu
DEBUG 2025-03-14 11:51:51.150 UTC: 	 Encoded data for curl request: subresource=webdirprx&workflow=250314_114724%3Aapuglia_crab_TTTo2J1L1Nu
DEBUG 2025-03-14 11:51:51.510 UTC: 	 Proxied webdir is located at https://cmsweb.cern.ch:8443/scheddmon/0195/apuglia/250314_114724:apuglia_crab_TTTo2J1L1Nu
DEBUG 2025-03-14 11:51:51.510 UTC: 	 Retrieving 'status_cache' file from https://cmsweb.cern.ch:8443/scheddmon/0195/apuglia/250314_114724:apuglia_crab_TTTo2J1L1Nu/status_cache.pkl
DEBUG 2025-03-14 11:51:51.510 UTC: 	 Will execute:
curl -sS --capath /etc/grid-security/certificates --cert /tmp/x509up_u180940 --key /tmp/x509up_u180940 -o /tmp/crab_status-cache-fefrsun_.pkl -w %"{http_code}" "https://cmsweb.cern.ch:8443/scheddmon/0195/apuglia/250314_114724:apuglia_crab_TTTo2J1L1Nu/status_cache.pkl"
DEBUG 2025-03-14 11:51:51.510 UTC: 	 Executing command :
 curl -sS --capath /etc/grid-security/certificates --cert /tmp/x509up_u180940 --key /tmp/x509up_u180940 -o /tmp/crab_status-cache-fefrsun_.pkl -w %"{http_code}" "https://cmsweb.cern.ch:8443/scheddmon/0195/apuglia/250314_114724:apuglia_crab_TTTo2J1L1Nu/status_cache.pkl"
DEBUG 2025-03-14 11:51:51.549 UTC: 	 output : 200
 error: 
 retcode : 0
DEBUG 2025-03-14 11:51:51.549 UTC: 	 exitcode: 0
stdout: 200
stderr: 
error details: 
DEBUG 2025-03-14 11:51:51.549 UTC: 	 Got information from status cache file: {'10': {'Retries': 0, 'Restarts': 0, 'SiteHistory': ['Unknown'], 'ResidentSetSize': [0], 'SubmitTimes': [1741953020.0], 'StartTimes': [], 'EndTimes': [], 'TotalUserCpuTimeHistory': [0.0], 'TotalSysCpuTimeHistory': [0.0], 'WallDurations': [0], 'JobIds': ['116913560.0'], 'State': 'idle', 'RecordedSite': False}, '12': {'Retries': 0, 'Restarts': 0, 'SiteHistory': ['Unknown'], 'ResidentSetSize': [0], 'SubmitTimes': [1741953021.0], 'StartTimes': [], 'EndTimes': [], 'TotalUserCpuTimeHistory': [0.0], 'TotalSysCpuTimeHistory': [0.0], 'WallDurations': [0], 'JobIds': ['116913562.0'], 'State': 'idle', 'RecordedSite': False}, '4': {'Retries': 0, 'Restarts': 0, 'SiteHistory': ['Unknown'], 'ResidentSetSize': [0], 'SubmitTimes': [1741953022.0], 'StartTimes': [], 'EndTimes': [], 'TotalUserCpuTimeHistory': [0.0], 'TotalSysCpuTimeHistory': [0.0], 'WallDurations': [0], 'JobIds': ['116913564.0'], 'State': 'idle', 'RecordedSite': False}, '9': {'Retries': 0, 'Restarts': 0, 'SiteHistory': ['Unknown'], 'ResidentSetSize': [0], 'SubmitTimes': [1741953023.0], 'StartTimes': [], 'EndTimes': [], 'TotalUserCpuTimeHistory': [0.0], 'TotalSysCpuTimeHistory': [0.0], 'WallDurations': [0], 'JobIds': ['116913568.0'], 'State': 'idle', 'RecordedSite': False}, '13': {'Retries': 0, 'Restarts': 0, 'SiteHistory': ['Unknown'], 'ResidentSetSize': [0], 'SubmitTimes': [1741953024.0], 'StartTimes': [], 'EndTimes': [], 'TotalUserCpuTimeHistory': [0.0], 'TotalSysCpuTimeHistory': [0.0], 'WallDurations': [0], 'JobIds': ['116913572.0'], 'State': 'idle', 'RecordedSite': False}, '6': {'Retries': 0, 'Restarts': 0, 'SiteHistory': ['Unknown'], 'ResidentSetSize': [0], 'SubmitTimes': [1741953025.0], 'StartTimes': [], 'EndTimes': [], 'TotalUserCpuTimeHistory': [0.0], 'TotalSysCpuTimeHistory': [0.0], 'WallDurations': [0], 'JobIds': ['116913577.0'], 'State': 'idle', 'RecordedSite': False}, '16': {'Retries': 0, 'Restarts': 0, 'SiteHistory': ['Unknown'], 'ResidentSetSize': [0], 'SubmitTimes': [1741953032.0], 'StartTimes': [], 'EndTimes': [], 'TotalUserCpuTimeHistory': [0.0], 'TotalSysCpuTimeHistory': [0.0], 'WallDurations': [0], 'JobIds': ['116913592.0'], 'State': 'idle', 'RecordedSite': False}, '14': {'Retries': 0, 'Restarts': 0, 'SiteHistory': ['Unknown'], 'ResidentSetSize': [0], 'SubmitTimes': [1741953036.0], 'StartTimes': [], 'EndTimes': [], 'TotalUserCpuTimeHistory': [0.0], 'TotalSysCpuTimeHistory': [0.0], 'WallDurations': [0], 'JobIds': ['116913594.0'], 'State': 'idle', 'RecordedSite': False}, '5': {'Retries': 0, 'Restarts': 0, 'SiteHistory': ['Unknown'], 'ResidentSetSize': [0], 'SubmitTimes': [1741953050.0], 'StartTimes': [], 'EndTimes': [], 'TotalUserCpuTimeHistory': [0.0], 'TotalSysCpuTimeHistory': [0.0], 'WallDurations': [0], 'JobIds': ['116913602.0'], 'State': 'idle', 'RecordedSite': False}, '11': {'Retries': 0, 'Restarts': 0, 'SiteHistory': ['Unknown'], 'ResidentSetSize': [0], 'SubmitTimes': [1741953057.0], 'StartTimes': [], 'EndTimes': [], 'TotalUserCpuTimeHistory': [0.0], 'TotalSysCpuTimeHistory': [0.0], 'WallDurations': [0], 'JobIds': ['116913609.0'], 'State': 'idle', 'RecordedSite': False}, '1': {'Retries': 0, 'Restarts': 0, 'SiteHistory': ['Unknown'], 'ResidentSetSize': [0], 'SubmitTimes': [1741953058.0], 'StartTimes': [], 'EndTimes': [], 'TotalUserCpuTimeHistory': [0.0], 'TotalSysCpuTimeHistory': [0.0], 'WallDurations': [0], 'JobIds': ['116913613.0'], 'State': 'idle', 'RecordedSite': False}, '2': {'Retries': 0, 'Restarts': 0, 'SiteHistory': ['Unknown'], 'ResidentSetSize': [0], 'SubmitTimes': [1741953060.0], 'StartTimes': [], 'EndTimes': [], 'TotalUserCpuTimeHistory': [0.0], 'TotalSysCpuTimeHistory': [0.0], 'WallDurations': [0], 'JobIds': ['116913616.0'], 'State': 'idle', 'RecordedSite': False}, '3': {'Retries': 0, 'Restarts': 0, 'SiteHistory': ['Unknown'], 'ResidentSetSize': [0], 'SubmitTimes': [1741953061.0], 'StartTimes': [], 'EndTimes': [], 'TotalUserCpuTimeHistory': [0.0], 'TotalSysCpuTimeHistory': [0.0], 'WallDurations': [0], 'JobIds': ['116913619.0'], 'State': 'idle', 'RecordedSite': False}, '7': {'Retries': 0, 'Restarts': 0, 'SiteHistory': ['Unknown'], 'ResidentSetSize': [0], 'SubmitTimes': [1741953068.0], 'StartTimes': [], 'EndTimes': [], 'TotalUserCpuTimeHistory': [0.0], 'TotalSysCpuTimeHistory': [0.0], 'WallDurations': [0], 'JobIds': ['116913634.0'], 'State': 'unsubmitted', 'RecordedSite': False}, '8': {'Retries': 0, 'Restarts': 0, 'SiteHistory': ['Unknown'], 'ResidentSetSize': [0], 'SubmitTimes': [1741953069.0], 'StartTimes': [], 'EndTimes': [], 'TotalUserCpuTimeHistory': [0.0], 'TotalSysCpuTimeHistory': [0.0], 'WallDurations': [0], 'JobIds': ['116913637.0'], 'State': 'unsubmitted', 'RecordedSite': False}, '15': {'Retries': 0, 'Restarts': 0, 'SiteHistory': ['Unknown'], 'ResidentSetSize': [0], 'SubmitTimes': [1741953070.0], 'StartTimes': [], 'EndTimes': [], 'TotalUserCpuTimeHistory': [0.0], 'TotalSysCpuTimeHistory': [0.0], 'WallDurations': [0], 'JobIds': ['116913643.0'], 'State': 'unsubmitted', 'RecordedSite': False}, '17': {'Retries': 0, 'Restarts': 0, 'SiteHistory': ['Unknown'], 'ResidentSetSize': [0], 'SubmitTimes': [1741953071.0], 'StartTimes': [], 'EndTimes': [], 'TotalUserCpuTimeHistory': [0.0], 'TotalSysCpuTimeHistory': [0.0], 'WallDurations': [0], 'JobIds': ['116913646.0'], 'State': 'unsubmitted', 'RecordedSite': False}, '18': {'Retries': 0, 'Restarts': 0, 'SiteHistory': ['Unknown'], 'ResidentSetSize': [0], 'SubmitTimes': [1741953073.0], 'StartTimes': [], 'EndTimes': [], 'TotalUserCpuTimeHistory': [0.0], 'TotalSysCpuTimeHistory': [0.0], 'WallDurations': [0], 'JobIds': ['116913650.0'], 'State': 'unsubmitted', 'RecordedSite': False}, '19': {'Retries': 0, 'Restarts': 0, 'SiteHistory': [], 'ResidentSetSize': [], 'SubmitTimes': [], 'StartTimes': [], 'EndTimes': [], 'TotalUserCpuTimeHistory': [], 'TotalSysCpuTimeHistory': [], 'WallDurations': [], 'JobIds': [], 'State': 'unsubmitted'}, '20': {'Retries': 0, 'Restarts': 0, 'SiteHistory': [], 'ResidentSetSize': [], 'SubmitTimes': [], 'StartTimes': [], 'EndTimes': [], 'TotalUserCpuTimeHistory': [], 'TotalSysCpuTimeHistory': [], 'WallDurations': [], 'JobIds': [], 'State': 'unsubmitted'}, '21': {'Retries': 0, 'Restarts': 0, 'SiteHistory': [], 'ResidentSetSize': [], 'SubmitTimes': [], 'StartTimes': [], 'EndTimes': [], 'TotalUserCpuTimeHistory': [], 'TotalSysCpuTimeHistory': [], 'WallDurations': [], 'JobIds': [], 'State': 'unsubmitted'}, '22': {'Retries': 0, 'Restarts': 0, 'SiteHistory': [], 'ResidentSetSize': [], 'SubmitTimes': [], 'StartTimes': [], 'EndTimes': [], 'TotalUserCpuTimeHistory': [], 'TotalSysCpuTimeHistory': [], 'WallDurations': [], 'JobIds': [], 'State': 'unsubmitted'}, '23': {'Retries': 0, 'Restarts': 0, 'SiteHistory': [], 'ResidentSetSize': [], 'SubmitTimes': [], 'StartTimes': [], 'EndTimes': [], 'TotalUserCpuTimeHistory': [], 'TotalSysCpuTimeHistory': [], 'WallDurations': [], 'JobIds': [], 'State': 'unsubmitted'}, '24': {'Retries': 0, 'Restarts': 0, 'SiteHistory': [], 'ResidentSetSize': [], 'SubmitTimes': [], 'StartTimes': [], 'EndTimes': [], 'TotalUserCpuTimeHistory': [], 'TotalSysCpuTimeHistory': [], 'WallDurations': [], 'JobIds': [], 'State': 'unsubmitted'}, '25': {'Retries': 0, 'Restarts': 0, 'SiteHistory': [], 'ResidentSetSize': [], 'SubmitTimes': [], 'StartTimes': [], 'EndTimes': [], 'TotalUserCpuTimeHistory': [], 'TotalSysCpuTimeHistory': [], 'WallDurations': [], 'JobIds': [], 'State': 'unsubmitted'}, '26': {'Retries': 0, 'Restarts': 0, 'SiteHistory': [], 'ResidentSetSize': [], 'SubmitTimes': [], 'StartTimes': [], 'EndTimes': [], 'TotalUserCpuTimeHistory': [], 'TotalSysCpuTimeHistory': [], 'WallDurations': [], 'JobIds': [], 'State': 'unsubmitted'}, '27': {'Retries': 0, 'Restarts': 0, 'SiteHistory': [], 'ResidentSetSize': [], 'SubmitTimes': [], 'StartTimes': [], 'EndTimes': [], 'TotalUserCpuTimeHistory': [], 'TotalSysCpuTimeHistory': [], 'WallDurations': [], 'JobIds': [], 'State': 'unsubmitted'}, '28': {'Retries': 0, 'Restarts': 0, 'SiteHistory': [], 'ResidentSetSize': [], 'SubmitTimes': [], 'StartTimes': [], 'EndTimes': [], 'TotalUserCpuTimeHistory': [], 'TotalSysCpuTimeHistory': [], 'WallDurations': [], 'JobIds': [], 'State': 'unsubmitted'}, '29': {'Retries': 0, 'Restarts': 0, 'SiteHistory': [], 'ResidentSetSize': [], 'SubmitTimes': [], 'StartTimes': [], 'EndTimes': [], 'TotalUserCpuTimeHistory': [], 'TotalSysCpuTimeHistory': [], 'WallDurations': [], 'JobIds': [], 'State': 'unsubmitted'}, '30': {'Retries': 0, 'Restarts': 0, 'SiteHistory': [], 'ResidentSetSize': [], 'SubmitTimes': [], 'StartTimes': [], 'EndTimes': [], 'TotalUserCpuTimeHistory': [], 'TotalSysCpuTimeHistory': [], 'WallDurations': [], 'JobIds': [], 'State': 'unsubmitted'}, '31': {'Retries': 0, 'Restarts': 0, 'SiteHistory': [], 'ResidentSetSize': [], 'SubmitTimes': [], 'StartTimes': [], 'EndTimes': [], 'TotalUserCpuTimeHistory': [], 'TotalSysCpuTimeHistory': [], 'WallDurations': [], 'JobIds': [], 'State': 'unsubmitted'}}
INFO 2025-03-14 11:51:51.549 UTC: 	 Status on the scheduler:	SUBMITTED
INFO 2025-03-14 11:51:51.549 UTC: 	 
Jobs status:                    idle         		 41.9% (13/31)
INFO 2025-03-14 11:51:51.550 UTC: 	 				unsubmitted  		 58.1% (18/31)
INFO 2025-03-14 11:51:51.550 UTC: 	 
No publication information (publication has been disabled in the CRAB configuration file)
INFO 2025-03-14 11:51:51.563 UTC: 	 Log file is /eos/home-a/apuglia/SWAN_projects/thesis/CMSSW_14_1_7/src/PhysicsTools/NanoAODTools/crab/crab_TTTo2J1L1Nu/crab.log
DEBUG 2025-03-14 11:55:25.545 UTC: 	 CRAB Client version: v3.250217
DEBUG 2025-03-14 11:55:25.545 UTC: 	 Running on: Linux lxplus920.cern.ch 5.14.0-503.26.1.el9_5.x86_64 #1 SMP PREEMPT_DYNAMIC Mon Feb 10 05:23:56 EST 2025 x86_64 x86_64 x86_64 GNU/Linux
DEBUG 2025-03-14 11:55:25.545 UTC: 	 Not using Singularity
DEBUG 2025-03-14 11:55:25.545 UTC: 	 Operating System: Red Hat Enterprise Linux 9.5 (Plow)
DEBUG 2025-03-14 11:55:25.545 UTC: 	 Executing command: 'status'
DEBUG 2025-03-14 11:55:25.545 UTC: 	 Found CRAB cache file /afs/cern.ch/user/a/apuglia/.crab3
DEBUG 2025-03-14 11:55:25.550 UTC: 	 Checking credentials
DEBUG 2025-03-14 11:55:25.551 UTC: 	 Found proxy file /tmp/x509up_u180940
DEBUG 2025-03-14 11:55:25.551 UTC: 	 Making sure it has proper VOMS extension
DEBUG 2025-03-14 11:55:25.551 UTC: 	 Executing command :
 voms-proxy-info --vo --file /tmp/x509up_u180940
DEBUG 2025-03-14 11:55:25.966 UTC: 	 output : cms

 error: 
 retcode : 0
DEBUG 2025-03-14 11:55:25.966 UTC: 	 Getting proxy life time left
DEBUG 2025-03-14 11:55:25.966 UTC: 	 Executing command :
 voms-proxy-info --actimeleft --timeleft --file /tmp/x509up_u180940
DEBUG 2025-03-14 11:55:26.334 UTC: 	 output : 687176
687176

 error: 
 retcode : 0
DEBUG 2025-03-14 11:55:26.334 UTC: 	 Proxy valid for 190:52:56 hours
DEBUG 2025-03-14 11:55:26.334 UTC: 	 Encoded data for curl request: subresource=delegatedn
DEBUG 2025-03-14 11:55:26.383 UTC: 	 Registering user credentials on myproxy for /DC=ch/DC=cern/OU=computers/CN=crab-(preprod|prod)-tw(01|02).cern.ch|/DC=ch/DC=cern/OU=computers/CN=crab-dev-tw(01|02|03|04).cern.ch|/DC=ch/DC=cern/OU=Organic Units/OU=Users/CN=cmscrab/CN=(817881|373708)/CN=Robot: cms crab|/DC=ch/DC=cern/OU=Organic Units/OU=Users/CN=crabint1/CN=373708/CN=Robot: CMS CRAB Integration 1
DEBUG 2025-03-14 11:55:26.383 UTC: 	 Executing command :
 voms-proxy-info --identity --file /tmp/x509up_u180940
DEBUG 2025-03-14 11:55:26.776 UTC: 	 output : /DC=ch/DC=cern/OU=Organic Units/OU=Users/CN=apuglia/CN=885270/CN=Andrea Camilla Puglia

 error: 
 retcode : 0
DEBUG 2025-03-14 11:55:26.776 UTC: 	 Getting myproxy life time left for bbb60dc5a44802d56653e3a555244abd1d126f21
DEBUG 2025-03-14 11:55:26.776 UTC: 	 Executing command :
 myproxy-info -s myproxy.cern.ch -l bbb60dc5a44802d56653e3a555244abd1d126f21
DEBUG 2025-03-14 11:55:27.049 UTC: 	 output : username: bbb60dc5a44802d56653e3a555244abd1d126f21
owner: /DC=ch/DC=cern/OU=Organic Units/OU=Users/CN=apuglia/CN=885270/CN=Andrea Camilla Puglia
  renewal policy: /DC=ch/DC=cern/OU=computers/CN=crab-(preprod|prod)-tw(01|02).cern.ch|/DC=ch/DC=cern/OU=computers/CN=crab-dev-tw(01|02|03|04).cern.ch|/DC=ch/DC=cern/OU=Organic Units/OU=Users/CN=cmscrab/CN=(817881|373708)/CN=Robot: cms crab|/DC=ch/DC=cern/OU=Organic Units/OU=Users/CN=crabint1/CN=373708/CN=Robot: CMS CRAB Integration 1
  trusted retrieval policy: /DC=ch/DC=cern/OU=computers/CN=crab-(preprod|prod)-tw(01|02).cern.ch|/DC=ch/DC=cern/OU=computers/CN=crab-dev-tw(01|02|03|04).cern.ch|/DC=ch/DC=cern/OU=Organic Units/OU=Users/CN=cmscrab/CN=(817881|373708)/CN=Robot: cms crab|/DC=ch/DC=cern/OU=Organic Units/OU=Users/CN=crabint1/CN=373708/CN=Robot: CMS CRAB Integration 1
  timeleft: 706:38:40  (29.4 days)

 error: 
 retcode : 0
DEBUG 2025-03-14 11:55:27.049 UTC: 	 Myproxy is valid: 2543880
DEBUG 2025-03-14 11:55:27.049 UTC: 	 Result of myproxy credential check:
  Credential exists on myproxy: username: bbb60dc5a44802d56653e3a555244abd1d126f21  - validity: 29 days, 10:38:00
DEBUG 2025-03-14 11:55:27.049 UTC: 	 Retrieving username ...
DEBUG 2025-03-14 11:55:27.049 UTC: 	 Retrieving username from CRIC...
DEBUG 2025-03-14 11:55:27.839 UTC: 	 username is apuglia
INFO 2025-03-14 11:55:28.327 UTC: 	 Rucio client intialized for account apuglia
DEBUG 2025-03-14 11:55:28.328 UTC: 	 Command use: status
DEBUG 2025-03-14 11:55:28.328 UTC: 	 Options use: ['-d', './crab_TTTo2J1L1Nu']
DEBUG 2025-03-14 11:55:28.328 UTC: 	 Encoded data for curl request: subresource=version
DEBUG 2025-03-14 11:55:28.374 UTC: 	 CRABClient version: v3.250217
DEBUG 2025-03-14 11:55:28.374 UTC: 	 Instance is prod
DEBUG 2025-03-14 11:55:28.374 UTC: 	 Server base url is cmsweb.cern.ch
DEBUG 2025-03-14 11:55:28.374 UTC: 	 Command api workflow
DEBUG 2025-03-14 11:55:28.374 UTC: 	 Encoded data for curl request: subresource=search&workflow=250314_114724%3Aapuglia_crab_TTTo2J1L1Nu
DEBUG 2025-03-14 11:55:28.430 UTC: 	 Got information from server oracle database: {'desc': {'columns': ['tm_taskname', 'tm_activity', 'tm_task_status', 'tm_task_command', 'tm_start_time', 'tm_start_injection', 'tm_end_injection', 'tm_task_failure', 'tm_job_sw', 'tm_job_arch', 'tm_input_dataset', 'tm_nonvalid_input_dataset', 'tm_use_parent', 'tm_site_whitelist', 'tm_site_blacklist', 'tm_split_algo', 'tm_split_args', 'tm_user_sandbox', 'tm_cache_url', 'tm_username', 'tm_user_dn', 'tm_user_vo', 'tm_user_role', 'tm_user_group', 'tm_publish_name', 'tm_publish_groupname', 'tm_asyncdest', 'tm_dbs_url', 'tm_publish_dbs_url', 'tm_publication', 'tm_outfiles', 'tm_tfile_outfiles', 'tm_edm_outfiles', 'tm_job_type', 'tm_generator', 'tm_events_per_lumi', 'tm_arguments', 'tm_save_logs', 'tw_name', 'tm_user_infiles', 'tm_maxjobruntime', 'tm_numcores', 'tm_maxmemory', 'tm_priority', 'tm_output_dataset', 'tm_task_warnings', 'tm_user_webdir', 'tm_scriptexe', 'tm_scriptargs', 'tm_extrajdl', 'tm_collector', 'tm_schedd', 'tm_dry_run', 'tm_user_files', 'tm_transfer_outputs', 'tm_output_lfn', 'tm_ignore_locality', 'tm_fail_limit', 'tm_one_event_mode', 'tm_secondary_input_dataset', 'tm_primary_dataset', 'tm_last_publication', 'tm_debug_files', 'clusterid', 'tm_ignore_global_blacklist', 'tm_submitter_ip_addr', 'tm_totalunits', 'tm_ddm_reqid', 'tm_user_config', 'tm_transfer_container', 'tm_transfer_rule', 'tm_publish_rule', 'tm_multipub_rule', 'tm_job_min_microarch']}, 'result': ['250314_114724:apuglia_crab_TTTo2J1L1Nu', 'None', 'SUBMITTED', 'SUBMIT', '2025-03-14 11:47:24.982789', 'None', '2025-03-14 11:48:45.495442', 'None', 'CMSSW_14_1_7', 'el9_amd64_gcc12', '/TTTo2J1L1Nu_CP5_13p6TeV_powheg-pythia8/Run3Winter22NanoAOD-122X_mcRun3_2021_realistic_v9-v1/NANOAODSIM', 'T', '0', '[]', '[]', 'FileBased', "{'halt_job_on_file_boundaries': False, 'splitOnRun': False, 'files_per_job': 2000, 'runs': [], 'lumis': []}", 'f62c3b485e24d7086099cd225b0d39e10cca5ad0996e59f5b90113b11d41dc1b.tar.gz', 'https://cmsweb.cern.ch/S3/crabcache_prod', 'apuglia', '/DC=ch/DC=cern/OU=Organic Units/OU=Users/CN=apuglia/CN=885270/CN=Andrea Camilla Puglia', 'cms', 'None', 'None', 'TTTo2J1L1Nu-00000000000000000000000000000000', 'F', 'T2_IT_Pisa', 'https://cmsweb.cern.ch/dbs/prod/global/DBSReader', 'https://cmsweb.cern.ch/dbs/prod/phys03/DBSWriter', 'F', '[]', '[]', "['tree_hadd.root']", 'Analysis', 'pythia', 'None', '{}', 'T', 'crab-prod-tw01', '[]', '2700', '1', '2000', '10', 'None', '[]', 'http://vocms0195.cern.ch/mon/apuglia/250314_114724:apuglia_crab_TTTo2J1L1Nu', 'crab_script.sh', '[]', '[]', 'cmsgwms-collector-global.cern.ch:9620,cmsgwms-collector-global.fnal.gov:9620', 'crab3@vocms0195.cern.ch', 'F', '[]', 'T', '/store/user/apuglia', 'F', 'None', 'F', 'None', 'TTTo2J1L1Nu_CP5_13p6TeV_powheg-pythia8', 'None', '1e2ffc8f7c367ee8f52b9bccc99e2e81f8e286ba82b52660dc6d5012aeb19ccb.tar.gz', '116913439', 'F', '188.185.89.194', '0.0', 'None', '{"partialdataset": false, "requireaccelerator": false, "acceleratorparams": null, "inputblocks": null}', 'None', 'None', 'None', 'None', 'any']}
INFO 2025-03-14 11:55:28.430 UTC: 	 CRAB project directory:		/eos/home-a/apuglia/SWAN_projects/thesis/CMSSW_14_1_7/src/PhysicsTools/NanoAODTools/crab/crab_TTTo2J1L1Nu
INFO 2025-03-14 11:55:28.430 UTC: 	 Task name:			250314_114724:apuglia_crab_TTTo2J1L1Nu
INFO 2025-03-14 11:55:28.430 UTC: 	 Grid scheduler - Task Worker:	crab3@vocms0195.cern.ch - crab-prod-tw01
INFO 2025-03-14 11:55:28.430 UTC: 	 Status on the CRAB server:	SUBMITTED
INFO 2025-03-14 11:55:28.430 UTC: 	 Task URL to use for HELP:	https://cmsweb.cern.ch/crabserver/ui/task/250314_114724%3Aapuglia_crab_TTTo2J1L1Nu
INFO 2025-03-14 11:55:28.438 UTC: 	 Dashboard monitoring URL:	https://monit-grafana.cern.ch/d/cmsTMDetail/cms-task-monitoring-task-view?orgId=11&var-user=apuglia&var-task=250314_114724%3Aapuglia_crab_TTTo2J1L1Nu&from=1741949244000&to=now
DEBUG 2025-03-14 11:55:28.438 UTC: 	 The CRAB server submitted your task to the Grid scheduler (cluster ID: 116913439)
DEBUG 2025-03-14 11:55:28.438 UTC: 	 Webdir is located at http://vocms0195.cern.ch/mon/apuglia/250314_114724:apuglia_crab_TTTo2J1L1Nu
DEBUG 2025-03-14 11:55:28.439 UTC: 	 Encoded data for curl request: subresource=webdirprx&workflow=250314_114724%3Aapuglia_crab_TTTo2J1L1Nu
DEBUG 2025-03-14 11:55:28.484 UTC: 	 Proxied webdir is located at https://cmsweb.cern.ch:8443/scheddmon/0195/apuglia/250314_114724:apuglia_crab_TTTo2J1L1Nu
DEBUG 2025-03-14 11:55:28.504 UTC: 	 Retrieving 'status_cache' file from https://cmsweb.cern.ch:8443/scheddmon/0195/apuglia/250314_114724:apuglia_crab_TTTo2J1L1Nu/status_cache.pkl
DEBUG 2025-03-14 11:55:28.504 UTC: 	 Will execute:
curl -sS --capath /etc/grid-security/certificates --cert /tmp/x509up_u180940 --key /tmp/x509up_u180940 -o /tmp/crab_status-cache-y6nkion0.pkl -w %"{http_code}" "https://cmsweb.cern.ch:8443/scheddmon/0195/apuglia/250314_114724:apuglia_crab_TTTo2J1L1Nu/status_cache.pkl"
DEBUG 2025-03-14 11:55:28.504 UTC: 	 Executing command :
 curl -sS --capath /etc/grid-security/certificates --cert /tmp/x509up_u180940 --key /tmp/x509up_u180940 -o /tmp/crab_status-cache-y6nkion0.pkl -w %"{http_code}" "https://cmsweb.cern.ch:8443/scheddmon/0195/apuglia/250314_114724:apuglia_crab_TTTo2J1L1Nu/status_cache.pkl"
DEBUG 2025-03-14 11:55:28.547 UTC: 	 output : 200
 error: 
 retcode : 0
DEBUG 2025-03-14 11:55:28.547 UTC: 	 exitcode: 0
stdout: 200
stderr: 
error details: 
DEBUG 2025-03-14 11:55:28.547 UTC: 	 Got information from status cache file: {'10': {'Retries': 0, 'Restarts': 0, 'SiteHistory': ['Unknown'], 'ResidentSetSize': [0], 'SubmitTimes': [1741953020.0], 'StartTimes': [], 'EndTimes': [], 'TotalUserCpuTimeHistory': [0.0], 'TotalSysCpuTimeHistory': [0.0], 'WallDurations': [0], 'JobIds': ['116913560.0'], 'State': 'idle', 'RecordedSite': False}, '12': {'Retries': 0, 'Restarts': 0, 'SiteHistory': ['Unknown'], 'ResidentSetSize': [0], 'SubmitTimes': [1741953021.0], 'StartTimes': [], 'EndTimes': [], 'TotalUserCpuTimeHistory': [0.0], 'TotalSysCpuTimeHistory': [0.0], 'WallDurations': [0], 'JobIds': ['116913562.0'], 'State': 'idle', 'RecordedSite': False}, '4': {'Retries': 0, 'Restarts': 0, 'SiteHistory': ['Unknown'], 'ResidentSetSize': [0], 'SubmitTimes': [1741953022.0], 'StartTimes': [], 'EndTimes': [], 'TotalUserCpuTimeHistory': [0.0], 'TotalSysCpuTimeHistory': [0.0], 'WallDurations': [0], 'JobIds': ['116913564.0'], 'State': 'idle', 'RecordedSite': False}, '9': {'Retries': 0, 'Restarts': 0, 'SiteHistory': ['Unknown'], 'ResidentSetSize': [0], 'SubmitTimes': [1741953023.0], 'StartTimes': [], 'EndTimes': [], 'TotalUserCpuTimeHistory': [0.0], 'TotalSysCpuTimeHistory': [0.0], 'WallDurations': [0], 'JobIds': ['116913568.0'], 'State': 'idle', 'RecordedSite': False}, '13': {'Retries': 0, 'Restarts': 0, 'SiteHistory': ['Unknown'], 'ResidentSetSize': [0], 'SubmitTimes': [1741953024.0], 'StartTimes': [], 'EndTimes': [], 'TotalUserCpuTimeHistory': [0.0], 'TotalSysCpuTimeHistory': [0.0], 'WallDurations': [0], 'JobIds': ['116913572.0'], 'State': 'idle', 'RecordedSite': False}, '6': {'Retries': 0, 'Restarts': 0, 'SiteHistory': ['Unknown'], 'ResidentSetSize': [0], 'SubmitTimes': [1741953025.0], 'StartTimes': [], 'EndTimes': [], 'TotalUserCpuTimeHistory': [0.0], 'TotalSysCpuTimeHistory': [0.0], 'WallDurations': [0], 'JobIds': ['116913577.0'], 'State': 'idle', 'RecordedSite': False}, '16': {'Retries': 0, 'Restarts': 0, 'SiteHistory': ['Unknown'], 'ResidentSetSize': [0], 'SubmitTimes': [1741953032.0], 'StartTimes': [], 'EndTimes': [], 'TotalUserCpuTimeHistory': [0.0], 'TotalSysCpuTimeHistory': [0.0], 'WallDurations': [0], 'JobIds': ['116913592.0'], 'State': 'idle', 'RecordedSite': False}, '14': {'Retries': 0, 'Restarts': 0, 'SiteHistory': ['Unknown'], 'ResidentSetSize': [0], 'SubmitTimes': [1741953036.0], 'StartTimes': [], 'EndTimes': [], 'TotalUserCpuTimeHistory': [0.0], 'TotalSysCpuTimeHistory': [0.0], 'WallDurations': [0], 'JobIds': ['116913594.0'], 'State': 'idle', 'RecordedSite': False}, '5': {'Retries': 0, 'Restarts': 0, 'SiteHistory': ['Unknown'], 'ResidentSetSize': [0], 'SubmitTimes': [1741953050.0], 'StartTimes': [], 'EndTimes': [], 'TotalUserCpuTimeHistory': [0.0], 'TotalSysCpuTimeHistory': [0.0], 'WallDurations': [0], 'JobIds': ['116913602.0'], 'State': 'idle', 'RecordedSite': False}, '11': {'Retries': 0, 'Restarts': 0, 'SiteHistory': ['Unknown'], 'ResidentSetSize': [0], 'SubmitTimes': [1741953057.0], 'StartTimes': [], 'EndTimes': [], 'TotalUserCpuTimeHistory': [0.0], 'TotalSysCpuTimeHistory': [0.0], 'WallDurations': [0], 'JobIds': ['116913609.0'], 'State': 'idle', 'RecordedSite': False}, '1': {'Retries': 0, 'Restarts': 0, 'SiteHistory': ['Unknown'], 'ResidentSetSize': [0], 'SubmitTimes': [1741953058.0], 'StartTimes': [], 'EndTimes': [], 'TotalUserCpuTimeHistory': [0.0], 'TotalSysCpuTimeHistory': [0.0], 'WallDurations': [0], 'JobIds': ['116913613.0'], 'State': 'idle', 'RecordedSite': False}, '2': {'Retries': 0, 'Restarts': 0, 'SiteHistory': ['Unknown'], 'ResidentSetSize': [0], 'SubmitTimes': [1741953060.0], 'StartTimes': [], 'EndTimes': [], 'TotalUserCpuTimeHistory': [0.0], 'TotalSysCpuTimeHistory': [0.0], 'WallDurations': [0], 'JobIds': ['116913616.0'], 'State': 'idle', 'RecordedSite': False}, '3': {'Retries': 0, 'Restarts': 0, 'SiteHistory': ['Unknown'], 'ResidentSetSize': [0], 'SubmitTimes': [1741953061.0], 'StartTimes': [], 'EndTimes': [], 'TotalUserCpuTimeHistory': [0.0], 'TotalSysCpuTimeHistory': [0.0], 'WallDurations': [0], 'JobIds': ['116913619.0'], 'State': 'idle', 'RecordedSite': False}, '7': {'Retries': 0, 'Restarts': 0, 'SiteHistory': ['Unknown'], 'ResidentSetSize': [0], 'SubmitTimes': [1741953068.0], 'StartTimes': [], 'EndTimes': [], 'TotalUserCpuTimeHistory': [0.0], 'TotalSysCpuTimeHistory': [0.0], 'WallDurations': [0], 'JobIds': ['116913634.0'], 'State': 'unsubmitted', 'RecordedSite': False}, '8': {'Retries': 0, 'Restarts': 0, 'SiteHistory': ['Unknown'], 'ResidentSetSize': [0], 'SubmitTimes': [1741953069.0], 'StartTimes': [], 'EndTimes': [], 'TotalUserCpuTimeHistory': [0.0], 'TotalSysCpuTimeHistory': [0.0], 'WallDurations': [0], 'JobIds': ['116913637.0'], 'State': 'unsubmitted', 'RecordedSite': False}, '15': {'Retries': 0, 'Restarts': 0, 'SiteHistory': ['Unknown'], 'ResidentSetSize': [0], 'SubmitTimes': [1741953070.0], 'StartTimes': [], 'EndTimes': [], 'TotalUserCpuTimeHistory': [0.0], 'TotalSysCpuTimeHistory': [0.0], 'WallDurations': [0], 'JobIds': ['116913643.0'], 'State': 'unsubmitted', 'RecordedSite': False}, '17': {'Retries': 0, 'Restarts': 0, 'SiteHistory': ['Unknown'], 'ResidentSetSize': [0], 'SubmitTimes': [1741953071.0], 'StartTimes': [], 'EndTimes': [], 'TotalUserCpuTimeHistory': [0.0], 'TotalSysCpuTimeHistory': [0.0], 'WallDurations': [0], 'JobIds': ['116913646.0'], 'State': 'unsubmitted', 'RecordedSite': False}, '18': {'Retries': 0, 'Restarts': 0, 'SiteHistory': ['Unknown'], 'ResidentSetSize': [0], 'SubmitTimes': [1741953073.0], 'StartTimes': [], 'EndTimes': [], 'TotalUserCpuTimeHistory': [0.0], 'TotalSysCpuTimeHistory': [0.0], 'WallDurations': [0], 'JobIds': ['116913650.0'], 'State': 'unsubmitted', 'RecordedSite': False}, '19': {'Retries': 0, 'Restarts': 0, 'SiteHistory': [], 'ResidentSetSize': [], 'SubmitTimes': [], 'StartTimes': [], 'EndTimes': [], 'TotalUserCpuTimeHistory': [], 'TotalSysCpuTimeHistory': [], 'WallDurations': [], 'JobIds': [], 'State': 'unsubmitted'}, '20': {'Retries': 0, 'Restarts': 0, 'SiteHistory': [], 'ResidentSetSize': [], 'SubmitTimes': [], 'StartTimes': [], 'EndTimes': [], 'TotalUserCpuTimeHistory': [], 'TotalSysCpuTimeHistory': [], 'WallDurations': [], 'JobIds': [], 'State': 'unsubmitted'}, '21': {'Retries': 0, 'Restarts': 0, 'SiteHistory': [], 'ResidentSetSize': [], 'SubmitTimes': [], 'StartTimes': [], 'EndTimes': [], 'TotalUserCpuTimeHistory': [], 'TotalSysCpuTimeHistory': [], 'WallDurations': [], 'JobIds': [], 'State': 'unsubmitted'}, '22': {'Retries': 0, 'Restarts': 0, 'SiteHistory': [], 'ResidentSetSize': [], 'SubmitTimes': [], 'StartTimes': [], 'EndTimes': [], 'TotalUserCpuTimeHistory': [], 'TotalSysCpuTimeHistory': [], 'WallDurations': [], 'JobIds': [], 'State': 'unsubmitted'}, '23': {'Retries': 0, 'Restarts': 0, 'SiteHistory': [], 'ResidentSetSize': [], 'SubmitTimes': [], 'StartTimes': [], 'EndTimes': [], 'TotalUserCpuTimeHistory': [], 'TotalSysCpuTimeHistory': [], 'WallDurations': [], 'JobIds': [], 'State': 'unsubmitted'}, '24': {'Retries': 0, 'Restarts': 0, 'SiteHistory': [], 'ResidentSetSize': [], 'SubmitTimes': [], 'StartTimes': [], 'EndTimes': [], 'TotalUserCpuTimeHistory': [], 'TotalSysCpuTimeHistory': [], 'WallDurations': [], 'JobIds': [], 'State': 'unsubmitted'}, '25': {'Retries': 0, 'Restarts': 0, 'SiteHistory': [], 'ResidentSetSize': [], 'SubmitTimes': [], 'StartTimes': [], 'EndTimes': [], 'TotalUserCpuTimeHistory': [], 'TotalSysCpuTimeHistory': [], 'WallDurations': [], 'JobIds': [], 'State': 'unsubmitted'}, '26': {'Retries': 0, 'Restarts': 0, 'SiteHistory': [], 'ResidentSetSize': [], 'SubmitTimes': [], 'StartTimes': [], 'EndTimes': [], 'TotalUserCpuTimeHistory': [], 'TotalSysCpuTimeHistory': [], 'WallDurations': [], 'JobIds': [], 'State': 'unsubmitted'}, '27': {'Retries': 0, 'Restarts': 0, 'SiteHistory': [], 'ResidentSetSize': [], 'SubmitTimes': [], 'StartTimes': [], 'EndTimes': [], 'TotalUserCpuTimeHistory': [], 'TotalSysCpuTimeHistory': [], 'WallDurations': [], 'JobIds': [], 'State': 'unsubmitted'}, '28': {'Retries': 0, 'Restarts': 0, 'SiteHistory': [], 'ResidentSetSize': [], 'SubmitTimes': [], 'StartTimes': [], 'EndTimes': [], 'TotalUserCpuTimeHistory': [], 'TotalSysCpuTimeHistory': [], 'WallDurations': [], 'JobIds': [], 'State': 'unsubmitted'}, '29': {'Retries': 0, 'Restarts': 0, 'SiteHistory': [], 'ResidentSetSize': [], 'SubmitTimes': [], 'StartTimes': [], 'EndTimes': [], 'TotalUserCpuTimeHistory': [], 'TotalSysCpuTimeHistory': [], 'WallDurations': [], 'JobIds': [], 'State': 'unsubmitted'}, '30': {'Retries': 0, 'Restarts': 0, 'SiteHistory': [], 'ResidentSetSize': [], 'SubmitTimes': [], 'StartTimes': [], 'EndTimes': [], 'TotalUserCpuTimeHistory': [], 'TotalSysCpuTimeHistory': [], 'WallDurations': [], 'JobIds': [], 'State': 'unsubmitted'}, '31': {'Retries': 0, 'Restarts': 0, 'SiteHistory': [], 'ResidentSetSize': [], 'SubmitTimes': [], 'StartTimes': [], 'EndTimes': [], 'TotalUserCpuTimeHistory': [], 'TotalSysCpuTimeHistory': [], 'WallDurations': [], 'JobIds': [], 'State': 'unsubmitted'}}
INFO 2025-03-14 11:55:28.547 UTC: 	 Status on the scheduler:	SUBMITTED
INFO 2025-03-14 11:55:28.548 UTC: 	 
Jobs status:                    idle         		 41.9% (13/31)
INFO 2025-03-14 11:55:28.548 UTC: 	 				unsubmitted  		 58.1% (18/31)
INFO 2025-03-14 11:55:28.548 UTC: 	 
No publication information (publication has been disabled in the CRAB configuration file)
INFO 2025-03-14 11:55:28.559 UTC: 	 Log file is /eos/home-a/apuglia/SWAN_projects/thesis/CMSSW_14_1_7/src/PhysicsTools/NanoAODTools/crab/crab_TTTo2J1L1Nu/crab.log
DEBUG 2025-03-14 13:24:46.641 UTC: 	 CRAB Client version: v3.250217
DEBUG 2025-03-14 13:24:46.641 UTC: 	 Running on: Linux lxplus981.cern.ch 5.14.0-503.26.1.el9_5.x86_64 #1 SMP PREEMPT_DYNAMIC Mon Feb 10 05:23:56 EST 2025 x86_64 x86_64 x86_64 GNU/Linux
DEBUG 2025-03-14 13:24:46.641 UTC: 	 Not using Singularity
DEBUG 2025-03-14 13:24:46.641 UTC: 	 Operating System: Red Hat Enterprise Linux 9.5 (Plow)
DEBUG 2025-03-14 13:24:46.641 UTC: 	 Executing command: 'status'
DEBUG 2025-03-14 13:24:46.642 UTC: 	 Found CRAB cache file /afs/cern.ch/user/a/apuglia/.crab3
DEBUG 2025-03-14 13:24:46.751 UTC: 	 Checking credentials
DEBUG 2025-03-14 13:24:46.765 UTC: 	 Proxy file /tmp/x509up_u180940 not found
DEBUG 2025-03-14 13:24:46.765 UTC: 	 Creating new proxy for 172:00 hours
DEBUG 2025-03-14 13:24:46.765 UTC: 	 Executing command :
 voms-proxy-init --rfc --cert ~/.globus/usercert.pem --key ~/.globus/userkey.pem --out /tmp/x509up_u180940 --valid 192:00 --voms cms:/cms
DEBUG 2025-03-14 13:25:07.087 UTC: 	 output : 
 error: 
 retcode : 0
DEBUG 2025-03-14 13:25:07.088 UTC: 	 Executing command :
 voms-proxy-info --actimeleft --timeleft --file /tmp/x509up_u180940
DEBUG 2025-03-14 13:25:07.546 UTC: 	 output : 691198
691197

 error: 
 retcode : 0
DEBUG 2025-03-14 13:25:07.546 UTC: 	 Proxy created.
DEBUG 2025-03-14 13:25:07.546 UTC: 	 Encoded data for curl request: subresource=delegatedn
DEBUG 2025-03-14 13:25:07.623 UTC: 	 Registering user credentials on myproxy for /DC=ch/DC=cern/OU=computers/CN=crab-(preprod|prod)-tw(01|02).cern.ch|/DC=ch/DC=cern/OU=computers/CN=crab-dev-tw(01|02|03|04).cern.ch|/DC=ch/DC=cern/OU=Organic Units/OU=Users/CN=cmscrab/CN=(817881|373708)/CN=Robot: cms crab|/DC=ch/DC=cern/OU=Organic Units/OU=Users/CN=crabint1/CN=373708/CN=Robot: CMS CRAB Integration 1
DEBUG 2025-03-14 13:25:07.624 UTC: 	 Executing command :
 voms-proxy-info --identity --file /tmp/x509up_u180940
DEBUG 2025-03-14 13:25:08.093 UTC: 	 output : /DC=ch/DC=cern/OU=Organic Units/OU=Users/CN=apuglia/CN=885270/CN=Andrea Camilla Puglia

 error: 
 retcode : 0
DEBUG 2025-03-14 13:25:08.093 UTC: 	 Getting myproxy life time left for bbb60dc5a44802d56653e3a555244abd1d126f21
DEBUG 2025-03-14 13:25:08.093 UTC: 	 Executing command :
 myproxy-info -s myproxy.cern.ch -l bbb60dc5a44802d56653e3a555244abd1d126f21
DEBUG 2025-03-14 13:25:08.600 UTC: 	 output : username: bbb60dc5a44802d56653e3a555244abd1d126f21
owner: /DC=ch/DC=cern/OU=Organic Units/OU=Users/CN=apuglia/CN=885270/CN=Andrea Camilla Puglia
  renewal policy: /DC=ch/DC=cern/OU=computers/CN=crab-(preprod|prod)-tw(01|02).cern.ch|/DC=ch/DC=cern/OU=computers/CN=crab-dev-tw(01|02|03|04).cern.ch|/DC=ch/DC=cern/OU=Organic Units/OU=Users/CN=cmscrab/CN=(817881|373708)/CN=Robot: cms crab|/DC=ch/DC=cern/OU=Organic Units/OU=Users/CN=crabint1/CN=373708/CN=Robot: CMS CRAB Integration 1
  trusted retrieval policy: /DC=ch/DC=cern/OU=computers/CN=crab-(preprod|prod)-tw(01|02).cern.ch|/DC=ch/DC=cern/OU=computers/CN=crab-dev-tw(01|02|03|04).cern.ch|/DC=ch/DC=cern/OU=Organic Units/OU=Users/CN=cmscrab/CN=(817881|373708)/CN=Robot: cms crab|/DC=ch/DC=cern/OU=Organic Units/OU=Users/CN=crabint1/CN=373708/CN=Robot: CMS CRAB Integration 1
  timeleft: 705:08:59  (29.4 days)

 error: 
 retcode : 0
DEBUG 2025-03-14 13:25:08.601 UTC: 	 Myproxy is valid: 2538480
DEBUG 2025-03-14 13:25:08.601 UTC: 	 Result of myproxy credential check:
  Credential exists on myproxy: username: bbb60dc5a44802d56653e3a555244abd1d126f21  - validity: 29 days, 9:08:00
DEBUG 2025-03-14 13:25:08.601 UTC: 	 Retrieving username ...
DEBUG 2025-03-14 13:25:08.601 UTC: 	 Retrieving username from CRIC...
DEBUG 2025-03-14 13:25:09.297 UTC: 	 username is apuglia
INFO 2025-03-14 13:25:10.546 UTC: 	 Rucio client intialized for account apuglia
DEBUG 2025-03-14 13:25:10.547 UTC: 	 Command use: status
DEBUG 2025-03-14 13:25:10.547 UTC: 	 Options use: ['-d', './crab_TTTo2J1L1Nu']
DEBUG 2025-03-14 13:25:10.547 UTC: 	 Encoded data for curl request: subresource=version
DEBUG 2025-03-14 13:25:11.161 UTC: 	 CRABClient version: v3.250217
DEBUG 2025-03-14 13:25:11.161 UTC: 	 Instance is prod
DEBUG 2025-03-14 13:25:11.161 UTC: 	 Server base url is cmsweb.cern.ch
DEBUG 2025-03-14 13:25:11.161 UTC: 	 Command api workflow
DEBUG 2025-03-14 13:25:11.161 UTC: 	 Encoded data for curl request: subresource=search&workflow=250314_114724%3Aapuglia_crab_TTTo2J1L1Nu
DEBUG 2025-03-14 13:25:11.206 UTC: 	 Got information from server oracle database: {'desc': {'columns': ['tm_taskname', 'tm_activity', 'tm_task_status', 'tm_task_command', 'tm_start_time', 'tm_start_injection', 'tm_end_injection', 'tm_task_failure', 'tm_job_sw', 'tm_job_arch', 'tm_input_dataset', 'tm_nonvalid_input_dataset', 'tm_use_parent', 'tm_site_whitelist', 'tm_site_blacklist', 'tm_split_algo', 'tm_split_args', 'tm_user_sandbox', 'tm_cache_url', 'tm_username', 'tm_user_dn', 'tm_user_vo', 'tm_user_role', 'tm_user_group', 'tm_publish_name', 'tm_publish_groupname', 'tm_asyncdest', 'tm_dbs_url', 'tm_publish_dbs_url', 'tm_publication', 'tm_outfiles', 'tm_tfile_outfiles', 'tm_edm_outfiles', 'tm_job_type', 'tm_generator', 'tm_events_per_lumi', 'tm_arguments', 'tm_save_logs', 'tw_name', 'tm_user_infiles', 'tm_maxjobruntime', 'tm_numcores', 'tm_maxmemory', 'tm_priority', 'tm_output_dataset', 'tm_task_warnings', 'tm_user_webdir', 'tm_scriptexe', 'tm_scriptargs', 'tm_extrajdl', 'tm_collector', 'tm_schedd', 'tm_dry_run', 'tm_user_files', 'tm_transfer_outputs', 'tm_output_lfn', 'tm_ignore_locality', 'tm_fail_limit', 'tm_one_event_mode', 'tm_secondary_input_dataset', 'tm_primary_dataset', 'tm_last_publication', 'tm_debug_files', 'clusterid', 'tm_ignore_global_blacklist', 'tm_submitter_ip_addr', 'tm_totalunits', 'tm_ddm_reqid', 'tm_user_config', 'tm_transfer_container', 'tm_transfer_rule', 'tm_publish_rule', 'tm_multipub_rule', 'tm_job_min_microarch']}, 'result': ['250314_114724:apuglia_crab_TTTo2J1L1Nu', 'None', 'SUBMITTED', 'SUBMIT', '2025-03-14 11:47:24.982789', 'None', '2025-03-14 11:48:45.495442', 'None', 'CMSSW_14_1_7', 'el9_amd64_gcc12', '/TTTo2J1L1Nu_CP5_13p6TeV_powheg-pythia8/Run3Winter22NanoAOD-122X_mcRun3_2021_realistic_v9-v1/NANOAODSIM', 'T', '0', '[]', '[]', 'FileBased', "{'halt_job_on_file_boundaries': False, 'splitOnRun': False, 'files_per_job': 2000, 'runs': [], 'lumis': []}", 'f62c3b485e24d7086099cd225b0d39e10cca5ad0996e59f5b90113b11d41dc1b.tar.gz', 'https://cmsweb.cern.ch/S3/crabcache_prod', 'apuglia', '/DC=ch/DC=cern/OU=Organic Units/OU=Users/CN=apuglia/CN=885270/CN=Andrea Camilla Puglia', 'cms', 'None', 'None', 'TTTo2J1L1Nu-00000000000000000000000000000000', 'F', 'T2_IT_Pisa', 'https://cmsweb.cern.ch/dbs/prod/global/DBSReader', 'https://cmsweb.cern.ch/dbs/prod/phys03/DBSWriter', 'F', '[]', '[]', "['tree_hadd.root']", 'Analysis', 'pythia', 'None', '{}', 'T', 'crab-prod-tw01', '[]', '2700', '1', '2000', '10', 'None', '[]', 'http://vocms0195.cern.ch/mon/apuglia/250314_114724:apuglia_crab_TTTo2J1L1Nu', 'crab_script.sh', '[]', '[]', 'cmsgwms-collector-global.cern.ch:9620,cmsgwms-collector-global.fnal.gov:9620', 'crab3@vocms0195.cern.ch', 'F', '[]', 'T', '/store/user/apuglia', 'F', 'None', 'F', 'None', 'TTTo2J1L1Nu_CP5_13p6TeV_powheg-pythia8', 'None', '1e2ffc8f7c367ee8f52b9bccc99e2e81f8e286ba82b52660dc6d5012aeb19ccb.tar.gz', '116913439', 'F', '188.185.89.194', '0.0', 'None', '{"partialdataset": false, "requireaccelerator": false, "acceleratorparams": null, "inputblocks": null}', 'None', 'None', 'None', 'None', 'any']}
INFO 2025-03-14 13:25:11.207 UTC: 	 CRAB project directory:		/eos/home-a/apuglia/SWAN_projects/thesis/CMSSW_14_1_7/src/PhysicsTools/NanoAODTools/crab/crab_TTTo2J1L1Nu
INFO 2025-03-14 13:25:11.207 UTC: 	 Task name:			250314_114724:apuglia_crab_TTTo2J1L1Nu
INFO 2025-03-14 13:25:11.207 UTC: 	 Grid scheduler - Task Worker:	crab3@vocms0195.cern.ch - crab-prod-tw01
INFO 2025-03-14 13:25:11.207 UTC: 	 Status on the CRAB server:	SUBMITTED
INFO 2025-03-14 13:25:11.208 UTC: 	 Task URL to use for HELP:	https://cmsweb.cern.ch/crabserver/ui/task/250314_114724%3Aapuglia_crab_TTTo2J1L1Nu
INFO 2025-03-14 13:25:11.214 UTC: 	 Dashboard monitoring URL:	https://monit-grafana.cern.ch/d/cmsTMDetail/cms-task-monitoring-task-view?orgId=11&var-user=apuglia&var-task=250314_114724%3Aapuglia_crab_TTTo2J1L1Nu&from=1741949244000&to=now
DEBUG 2025-03-14 13:25:11.214 UTC: 	 The CRAB server submitted your task to the Grid scheduler (cluster ID: 116913439)
DEBUG 2025-03-14 13:25:11.214 UTC: 	 Webdir is located at http://vocms0195.cern.ch/mon/apuglia/250314_114724:apuglia_crab_TTTo2J1L1Nu
DEBUG 2025-03-14 13:25:11.215 UTC: 	 Encoded data for curl request: subresource=webdirprx&workflow=250314_114724%3Aapuglia_crab_TTTo2J1L1Nu
DEBUG 2025-03-14 13:25:11.264 UTC: 	 Proxied webdir is located at https://cmsweb.cern.ch:8443/scheddmon/0195/apuglia/250314_114724:apuglia_crab_TTTo2J1L1Nu
DEBUG 2025-03-14 13:25:11.286 UTC: 	 Retrieving 'status_cache' file from https://cmsweb.cern.ch:8443/scheddmon/0195/apuglia/250314_114724:apuglia_crab_TTTo2J1L1Nu/status_cache.pkl
DEBUG 2025-03-14 13:25:11.286 UTC: 	 Will execute:
curl -sS --capath /etc/grid-security/certificates --cert /tmp/x509up_u180940 --key /tmp/x509up_u180940 -o /tmp/crab_status-cache-706mljo3.pkl -w %"{http_code}" "https://cmsweb.cern.ch:8443/scheddmon/0195/apuglia/250314_114724:apuglia_crab_TTTo2J1L1Nu/status_cache.pkl"
DEBUG 2025-03-14 13:25:11.286 UTC: 	 Executing command :
 curl -sS --capath /etc/grid-security/certificates --cert /tmp/x509up_u180940 --key /tmp/x509up_u180940 -o /tmp/crab_status-cache-706mljo3.pkl -w %"{http_code}" "https://cmsweb.cern.ch:8443/scheddmon/0195/apuglia/250314_114724:apuglia_crab_TTTo2J1L1Nu/status_cache.pkl"
DEBUG 2025-03-14 13:25:11.333 UTC: 	 output : 200
 error: 
 retcode : 0
DEBUG 2025-03-14 13:25:11.333 UTC: 	 exitcode: 0
stdout: 200
stderr: 
error details: 
DEBUG 2025-03-14 13:25:11.334 UTC: 	 Got information from status cache file: {'10': {'Retries': 2, 'Restarts': 0, 'SiteHistory': ['Unknown', 'T1_FR_CCIN2P3', 'T1_FR_CCIN2P3', 'Unknown', 'T1_UK_RAL', 'T1_UK_RAL', 'T1_FR_CCIN2P3', 'T1_FR_CCIN2P3'], 'ResidentSetSize': [132428, 86912, 99164], 'SubmitTimes': [1741953020.0, 1741954411.0, 1741954880.0], 'StartTimes': [1741954204.0, 1741954674.0, 1741954979.0], 'EndTimes': [1741954303.0, 1741954744.0, 1741955161.0], 'TotalUserCpuTimeHistory': [16, 0, 32.0], 'TotalSysCpuTimeHistory': [0, 0, 1.0], 'WallDurations': [62.0, 75.8561646938324, 99.0, 70.0, 206.34319043159485, 206.34319043159485, 182.0, 201.65066075325012], 'JobIds': ['116913560.0', '116917886.0', '116918513.0'], 'State': 'failed', 'RecordedSite': True, 'Error': [50115, 'BadFWJRXML', {}]}, '12': {'Retries': 2, 'Restarts': 0, 'SiteHistory': ['Unknown', 'T1_FR_CCIN2P3', 'T1_FR_CCIN2P3', 'Unknown', 'T1_FR_CCIN2P3', 'T1_FR_CCIN2P3', 'T1_FR_CCIN2P3', 'T1_FR_CCIN2P3'], 'ResidentSetSize': [157416, 81824, 85092], 'SubmitTimes': [1741953021.0, 1741954400.0, 1741954878.0], 'StartTimes': [1741954206.0, 1741954668.0, 1741954946.0], 'EndTimes': [1741954306.0, 1741954740.0, 1741955063.0], 'TotalUserCpuTimeHistory': [11, 9, 9.0], 'TotalSysCpuTimeHistory': [1, 0, 0.0], 'WallDurations': [62.0, 73.8561646938324, 100.0, 72.0, 0, 117.0, 234.65066075325012, 234.65066075325012], 'JobIds': ['116913562.0', '116917877.0', '116918507.0'], 'State': 'failed', 'RecordedSite': True, 'Error': [50115, 'BadFWJRXML', {}]}, '4': {'Retries': 2, 'Restarts': 0, 'SiteHistory': ['Unknown', 'T1_FR_CCIN2P3', 'T1_FR_CCIN2P3', 'Unknown', 'T1_UK_RAL', 'T1_UK_RAL', 'T2_US_Caltech', 'T2_US_Caltech'], 'ResidentSetSize': [80056, 74148, 132744], 'SubmitTimes': [1741953022.0, 1741954436.0, 1741954949.0], 'StartTimes': [1741954210.0, 1741954679.0, 1741955209.0], 'EndTimes': [1741954338.0, 1741954778.0, 1741955352.0], 'TotalUserCpuTimeHistory': [53, 1, 20.0], 'TotalSysCpuTimeHistory': [1, 0, 0.0], 'WallDurations': [24.0, 69.8561646938324, 128.0, 99.0, 201.34319043159485, 201.34319043159485, 143.0, 271.984742641449], 'JobIds': ['116913564.0', '116917931.0', '116918647.0'], 'State': 'failed', 'RecordedSite': True, 'Error': [50115, 'BadFWJRXML', {}]}, '9': {'Retries': 2, 'Restarts': 0, 'SiteHistory': ['Unknown', 'T1_IT_CNAF', 'T1_IT_CNAF', 'Unknown', 'T1_UK_RAL', 'T1_UK_RAL', 'T1_FR_CCIN2P3', 'T1_FR_CCIN2P3'], 'ResidentSetSize': [89872, 72288, 43936], 'SubmitTimes': [1741953023.0, 1741954424.0, 1741954899.0], 'StartTimes': [1741954207.0, 1741954674.0, 1741954983.0], 'EndTimes': [1741954314.0, 1741954751.0, 1741955130.0], 'TotalUserCpuTimeHistory': [16, 3, 9.0], 'TotalSysCpuTimeHistory': [0, 0, 1.0], 'WallDurations': [9.0, 72.8561646938324, 107.0, 77.0, 206.34319043159485, 206.34319043159485, 147.0, 197.65066075325012], 'JobIds': ['116913568.0', '116917901.0', '116918546.0'], 'State': 'failed', 'RecordedSite': True, 'Error': [50115, 'BadFWJRXML', {}]}, '13': {'Retries': 2, 'Restarts': 0, 'SiteHistory': ['Unknown', 'T1_UK_RAL', 'T1_UK_RAL', 'Unknown', 'T1_UK_RAL', 'T1_UK_RAL', 'T1_FR_CCIN2P3', 'T1_FR_CCIN2P3'], 'ResidentSetSize': [49912, 64732, 114148], 'SubmitTimes': [1741953024.0, 1741954378.0, 1741954896.0], 'StartTimes': [1741954204.0, 1741954673.0, 1741954981.0], 'EndTimes': [1741954302.0, 1741954750.0, 1741955131.0], 'TotalUserCpuTimeHistory': [2, 3, 27.0], 'TotalSysCpuTimeHistory': [0, 0, 2.0], 'WallDurations': [61.0, 75.8561646938324, 98.0, 77.0, 207.34319043159485, 207.34319043159485, 150.0, 199.65066075325012], 'JobIds': ['116913572.0', '116917851.0', '116918542.0'], 'State': 'failed', 'RecordedSite': True, 'Error': [50115, 'BadFWJRXML', {}]}, '6': {'Retries': 2, 'Restarts': 0, 'SiteHistory': ['Unknown', 'T2_BE_IIHE', 'T2_BE_IIHE', 'T2_BE_IIHE', 'T2_BE_IIHE', 'T1_FR_CCIN2P3', 'T1_FR_CCIN2P3'], 'ResidentSetSize': [64480, 100112, 83596], 'SubmitTimes': [1741953025.0, 1741954311.0, 1741954691.0], 'StartTimes': [1741954145.0, 1741954344.0, 1741954755.0], 'EndTimes': [1741954209.0, 1741954541.0, 1741954852.0], 'TotalUserCpuTimeHistory': [2, 4, 5.0], 'TotalSysCpuTimeHistory': [0, 0, 0.0], 'WallDurations': [64.0, 134.8561646938324, 134.8561646938324, 197.0, 236.0788381099701, 97.0, 125.34319043159485], 'JobIds': ['116913577.0', '116917802.0', '116918227.0'], 'State': 'failed', 'RecordedSite': True}, '16': {'Retries': 2, 'Restarts': 0, 'SiteHistory': ['Unknown', 'T2_IT_Pisa', 'T2_IT_Pisa', 'T1_UK_RAL', 'T1_UK_RAL', 'T1_UK_RAL', 'T1_UK_RAL'], 'ResidentSetSize': [38536, 51648, 85748], 'SubmitTimes': [1741953032.0, 1741954310.0, 1741954582.0], 'StartTimes': [1741954146.0, 1741954336.0, 1741954667.0], 'EndTimes': [1741954209.0, 1741954444.0, 1741954745.0], 'TotalUserCpuTimeHistory': [8, 0, 8], 'TotalSysCpuTimeHistory': [0, 0, 0], 'WallDurations': [63.0, 133.8561646938324, 133.8561646938324, 108.0, 244.0788381099701, 78.0, 213.34319043159485], 'JobIds': ['116913592.0', '116917800.0', '116918078.0'], 'State': 'failed', 'RecordedSite': True, 'Error': [50115, 'BadFWJRXML', {}]}, '14': {'Retries': 2, 'Restarts': 0, 'SiteHistory': ['Unknown', 'T2_BE_UCL', 'T2_BE_UCL', 'Unknown', 'T1_FR_CCIN2P3', 'T1_FR_CCIN2P3', 'T1_FR_CCIN2P3', 'T1_FR_CCIN2P3'], 'ResidentSetSize': [51240, 88160, 86436], 'SubmitTimes': [1741953036.0, 1741954358.0, 1741954921.0], 'StartTimes': [1741954146.0, 1741954673.0, 1741954979.0], 'EndTimes': [1741954248.0, 1741954750.0, 1741955134.0], 'TotalUserCpuTimeHistory': [0, 2, 23.0], 'TotalSysCpuTimeHistory': [0, 0, 1.0], 'WallDurations': [102.0, 133.8561646938324, 133.8561646938324, 77.0, 207.34319043159485, 207.34319043159485, 155.0, 201.65066075325012], 'JobIds': ['116913594.0', '116917833.0', '116918577.0'], 'State': 'failed', 'RecordedSite': True, 'Error': [50115, 'BadFWJRXML', {}]}, '5': {'Retries': 2, 'Restarts': 0, 'SiteHistory': ['Unknown', 'T1_IT_CNAF', 'T1_IT_CNAF', 'Unknown', 'T1_UK_RAL', 'T1_UK_RAL', 'T2_US_Caltech', 'T2_US_Caltech'], 'ResidentSetSize': [97916, 93300, 321612], 'SubmitTimes': [1741953050.0, 1741954434.0, 1741954934.0], 'StartTimes': [1741954239.0, 1741954673.0, 1741955190.0], 'EndTimes': [1741954333.0, 1741954758.0, 1741955366.0], 'TotalUserCpuTimeHistory': [9, 9, 10.0], 'TotalSysCpuTimeHistory': [0, 0, 0.0], 'WallDurations': [9.0, 40.8561646938324, 94.0, 85.0, 207.34319043159485, 207.34319043159485, 176.0, 290.984742641449], 'JobIds': ['116913602.0', '116917925.0', '116918617.0'], 'State': 'failed', 'RecordedSite': True, 'Error': [50115, 'BadFWJRXML', {}]}, '11': {'Retries': 2, 'Restarts': 0, 'SiteHistory': ['Unknown', 'T1_UK_RAL', 'T1_UK_RAL', 'Unknown', 'T1_FR_CCIN2P3', 'T1_FR_CCIN2P3', 'T1_FR_CCIN2P3', 'T1_FR_CCIN2P3'], 'ResidentSetSize': [98816, 290436, 81356], 'SubmitTimes': [1741953057.0, 1741954377.0, 1741954958.0], 'StartTimes': [1741954205.0, 1741954668.0, 1741955198.0], 'EndTimes': [1741954301.0, 1741954786.0, 1741955330.0], 'TotalUserCpuTimeHistory': [5, 40, 9.0], 'TotalSysCpuTimeHistory': [0, 2, 1.0], 'WallDurations': [60.0, 74.8561646938324, 96.0, 118.0, 212.34319043159485, 212.34319043159485, 132.0, 282.984742641449], 'JobIds': ['116913609.0', '116917848.0', '116918655.0'], 'State': 'failed', 'RecordedSite': True, 'Error': [50115, 'BadFWJRXML', {}]}, '1': {'Retries': 2, 'Restarts': 0, 'SiteHistory': ['Unknown', 'T1_IT_CNAF', 'T1_IT_CNAF', 'T1_UK_RAL', 'T1_UK_RAL', 'Unknown', 'T2_US_Caltech', 'T2_US_Caltech'], 'ResidentSetSize': [114748, 51100, 101104], 'SubmitTimes': [1741953058.0, 1741954435.0, 1741954715.0], 'StartTimes': [1741954210.0, 1741954465.0, 1741954897.0], 'EndTimes': [1741954338.0, 1741954568.0, 1741954995.0], 'TotalUserCpuTimeHistory': [26, 3, 3.0], 'TotalSysCpuTimeHistory': [1, 0, 0.0], 'WallDurations': [21.0, 69.8561646938324, 128.0, 103.0, 115.07883810997009, 98.0, 283.6506607532501, 283.6506607532501], 'JobIds': ['116913613.0', '116917928.0', '116918256.0'], 'State': 'failed', 'RecordedSite': True, 'Error': [50115, 'BadFWJRXML', {}]}, '2': {'Retries': 2, 'Restarts': 0, 'SiteHistory': ['Unknown', 'T2_IT_Pisa', 'T2_IT_Pisa', 'Unknown', 'T1_UK_RAL', 'T1_UK_RAL', 'T2_US_Caltech', 'T2_US_Caltech'], 'ResidentSetSize': [4072, 103452, 96820], 'SubmitTimes': [1741953060.0, 1741954342.0, 1741954932.0], 'StartTimes': [1741954160.0, 1741954674.0, 1741955320.0], 'EndTimes': [1741954250.0, 1741954759.0, 1741955543.0], 'TotalUserCpuTimeHistory': [0, 0, 10.0], 'TotalSysCpuTimeHistory': [0, 0, 0.0], 'WallDurations': [90.0, 119.8561646938324, 119.8561646938324, 85.0, 206.34319043159485, 206.34319043159485, 140.0, 223.0], 'JobIds': ['116913616.0', '116917823.0', '116918596.0'], 'State': 'failed', 'RecordedSite': True, 'Error': [50115, 'BadFWJRXML', {}]}, '3': {'Retries': 2, 'Restarts': 0, 'SiteHistory': ['Unknown', 'T2_IT_Pisa', 'T2_IT_Pisa', 'Unknown', 'T1_UK_RAL', 'T1_UK_RAL', 'T1_UK_RAL', 'T1_UK_RAL'], 'ResidentSetSize': [24216, 82820, 43588], 'SubmitTimes': [1741953061.0, 1741954368.0, 1741954905.0], 'StartTimes': [1741954147.0, 1741954673.0, 1741954983.0], 'EndTimes': [1741954249.0, 1741954750.0, 1741955134.0], 'TotalUserCpuTimeHistory': [3, 3, 1.0], 'TotalSysCpuTimeHistory': [0, 0, 0.0], 'WallDurations': [102.0, 132.8561646938324, 132.8561646938324, 77.0, 207.34319043159485, 207.34319043159485, 151.0, 197.65066075325012], 'JobIds': ['116913619.0', '116917840.0', '116918561.0'], 'State': 'failed', 'RecordedSite': True, 'Error': [50115, 'BadFWJRXML', {}]}, '7': {'Retries': 2, 'Restarts': 0, 'SiteHistory': ['Unknown', 'T2_BE_IIHE', 'T2_BE_IIHE', 'Unknown', 'T1_UK_RAL', 'T1_UK_RAL', 'T2_US_Caltech', 'T2_US_Caltech'], 'ResidentSetSize': [108920, 64536, 87780], 'SubmitTimes': [1741953068.0, 1741954437.0, 1741954936.0], 'StartTimes': [1741954145.0, 1741954674.0, 1741955017.0], 'EndTimes': [1741954335.0, 1741954751.0, 1741955205.0], 'TotalUserCpuTimeHistory': [1, 3, 7.0], 'TotalSysCpuTimeHistory': [0, 0, 0.0], 'WallDurations': [9.0, 134.8561646938324, 190.0, 77.0, 206.34319043159485, 206.34319043159485, 61.0, 188.0], 'JobIds': ['116913634.0', '116917934.0', '116918622.0'], 'State': 'failed', 'RecordedSite': True, 'Error': [50115, 'BadFWJRXML', {}]}, '8': {'Retries': 2, 'Restarts': 0, 'SiteHistory': ['Unknown', 'T1_IT_CNAF', 'T1_IT_CNAF', 'Unknown', 'T1_UK_RAL', 'T1_UK_RAL', 'T1_IT_CNAF', 'T1_IT_CNAF'], 'ResidentSetSize': [106236, 97768, 90904], 'SubmitTimes': [1741953069.0, 1741954428.0, 1741954936.0], 'StartTimes': [1741954207.0, 1741954674.0, 1741954983.0], 'EndTimes': [1741954324.0, 1741954757.0, 1741955195.0], 'TotalUserCpuTimeHistory': [15, 0, 9.0], 'TotalSysCpuTimeHistory': [0, 0, 0.0], 'WallDurations': [8.0, 72.8561646938324, 117.0, 83.0, 206.34319043159485, 206.34319043159485, 85.0, 212.0], 'JobIds': ['116913637.0', '116917907.0', '116918623.0'], 'State': 'failed', 'RecordedSite': True, 'Error': [50115, 'BadFWJRXML', {}]}, '15': {'Retries': 2, 'Restarts': 0, 'SiteHistory': ['Unknown', 'T2_IT_Pisa', 'T2_IT_Pisa', 'Unknown', 'T1_FR_CCIN2P3', 'T1_FR_CCIN2P3', 'T1_UK_RAL', 'T1_UK_RAL'], 'ResidentSetSize': [4068, 118080, 41368], 'SubmitTimes': [1741953070.0, 1741954346.0, 1741954932.0], 'StartTimes': [1741954147.0, 1741954673.0, 1741954983.0], 'EndTimes': [1741954248.0, 1741954754.0, 1741955134.0], 'TotalUserCpuTimeHistory': [1, 27, 1.0], 'TotalSysCpuTimeHistory': [0, 2, 0.0], 'WallDurations': [101.0, 132.8561646938324, 132.8561646938324, 81.0, 207.34319043159485, 207.34319043159485, 151.0, 197.65066075325012], 'JobIds': ['116913643.0', '116917827.0', '116918600.0'], 'State': 'failed', 'RecordedSite': True, 'Error': [50115, 'BadFWJRXML', {}]}, '17': {'Retries': 2, 'Restarts': 0, 'SiteHistory': ['Unknown', 'T2_IT_Pisa', 'T2_IT_Pisa', 'Unknown', 'T1_FR_CCIN2P3', 'T1_FR_CCIN2P3', 'T2_US_Nebraska', 'T2_US_Nebraska'], 'ResidentSetSize': [53432, 93780, 82888], 'SubmitTimes': [1741953071.0, 1741954334.0, 1741954937.0], 'StartTimes': [1741954147.0, 1741954668.0, 1741955185.0], 'EndTimes': [1741954243.0, 1741954779.0, 1741955328.0], 'TotalUserCpuTimeHistory': [5, 26, 1.0], 'TotalSysCpuTimeHistory': [0, 1, 0.0], 'WallDurations': [96.0, 132.8561646938324, 132.8561646938324, 111.0, 212.34319043159485, 212.34319043159485, 143.0, 295.984742641449], 'JobIds': ['116913646.0', '116917819.0', '116918629.0'], 'State': 'failed', 'RecordedSite': True, 'Error': [50115, 'BadFWJRXML', {}]}, '18': {'Retries': 2, 'Restarts': 0, 'SiteHistory': ['Unknown', 'T2_IT_Pisa', 'T2_IT_Pisa', 'Unknown', 'T1_FR_CCIN2P3', 'T1_FR_CCIN2P3', 'T1_FR_CCIN2P3', 'T1_FR_CCIN2P3'], 'ResidentSetSize': [207540, 82932, 297684], 'SubmitTimes': [1741953073.0, 1741954388.0, 1741954932.0], 'StartTimes': [1741954154.0, 1741954674.0, 1741954983.0], 'EndTimes': [1741954303.0, 1741954751.0, 1741955134.0], 'TotalUserCpuTimeHistory': [2, 6, 9.0], 'TotalSysCpuTimeHistory': [0, 0, 0.0], 'WallDurations': [112.0, 125.8561646938324, 149.0, 77.0, 206.34319043159485, 206.34319043159485, 151.0, 197.65066075325012], 'JobIds': ['116913650.0', '116917867.0', '116918591.0'], 'State': 'failed', 'RecordedSite': True, 'Error': [50115, 'BadFWJRXML', {}]}, '19': {'Retries': 2, 'Restarts': 0, 'SiteHistory': ['Unknown', 'T2_IT_Pisa', 'T2_IT_Pisa', 'T1_FR_CCIN2P3', 'T1_FR_CCIN2P3', 'T1_FR_CCIN2P3', 'T1_FR_CCIN2P3'], 'ResidentSetSize': [4080, 92512, 82756], 'SubmitTimes': [1741953083.0, 1741954332.0, 1741954660.0], 'StartTimes': [1741954147.0, 1741954359.0, 1741954840.0], 'EndTimes': [1741954247.0, 1741954515.0, 1741954933.0], 'TotalUserCpuTimeHistory': [12, 66, 11.0], 'TotalSysCpuTimeHistory': [0, 4, 0.0], 'WallDurations': [100.0, 132.8561646938324, 132.8561646938324, 156.0, 221.0788381099701, 9.0, 93.0], 'JobIds': ['116913659.0', '116917815.0', '116918179.0'], 'State': 'failed', 'RecordedSite': True, 'Error': [50115, 'BadFWJRXML', {}]}, '20': {'Retries': 2, 'Restarts': 0, 'SiteHistory': ['Unknown', 'T1_FR_CCIN2P3', 'T1_FR_CCIN2P3', 'Unknown', 'T1_UK_RAL', 'T1_UK_RAL', 'T1_FR_CCIN2P3', 'T1_FR_CCIN2P3'], 'ResidentSetSize': [72712, 45344, 79920], 'SubmitTimes': [1741953085.0, 1741954413.0, 1741954910.0], 'StartTimes': [1741954207.0, 1741954674.0, 1741954981.0], 'EndTimes': [1741954303.0, 1741954752.0, 1741955131.0], 'TotalUserCpuTimeHistory': [0, 3, 1.0], 'TotalSysCpuTimeHistory': [0, 0, 0.0], 'WallDurations': [60.0, 72.8561646938324, 96.0, 78.0, 206.34319043159485, 206.34319043159485, 150.0, 199.65066075325012], 'JobIds': ['116913661.0', '116917893.0', '116918566.0'], 'State': 'failed', 'RecordedSite': True, 'Error': [50115, 'BadFWJRXML', {}]}, '21': {'Retries': 2, 'Restarts': 0, 'SiteHistory': ['Unknown', 'T1_UK_RAL', 'T1_UK_RAL', 'Unknown', 'T1_FR_CCIN2P3', 'T1_FR_CCIN2P3', 'T1_FR_CCIN2P3', 'T1_FR_CCIN2P3'], 'ResidentSetSize': [51052, 75284, 294856], 'SubmitTimes': [1741953105.0, 1741954426.0, 1741954925.0], 'StartTimes': [1741954234.0, 1741954674.0, 1741954981.0], 'EndTimes': [1741954324.0, 1741954751.0, 1741955132.0], 'TotalUserCpuTimeHistory': [1, 6, 12.0], 'TotalSysCpuTimeHistory': [0, 0, 0.0], 'WallDurations': [9.0, 45.8561646938324, 90.0, 77.0, 206.34319043159485, 206.34319043159485, 151.0, 199.65066075325012], 'JobIds': ['116913670.0', '116917904.0', '116918581.0'], 'State': 'failed', 'RecordedSite': True, 'Error': [50115, 'BadFWJRXML', {}]}, '22': {'Retries': 2, 'Restarts': 0, 'SiteHistory': ['Unknown', 'T1_FR_CCIN2P3', 'T1_FR_CCIN2P3', 'Unknown', 'T1_UK_RAL', 'T1_UK_RAL', 'T2_US_Florida', 'T2_US_Florida'], 'ResidentSetSize': [77752, 119528, 108004], 'SubmitTimes': [1741953115.0, 1741954416.0, 1741954947.0], 'StartTimes': [1741954206.0, 1741954673.0, 1741955207.0], 'EndTimes': [1741954304.0, 1741954779.0, 1741955348.0], 'TotalUserCpuTimeHistory': [3, 2, 0.0], 'TotalSysCpuTimeHistory': [0, 0, 0.0], 'WallDurations': [61.0, 73.8561646938324, 98.0, 106.0, 207.34319043159485, 207.34319043159485, 141.0, 273.984742641449], 'JobIds': ['116913678.0', '116917897.0', '116918642.0'], 'State': 'failed', 'RecordedSite': True, 'Error': [50115, 'BadFWJRXML', {}]}, '23': {'Retries': 2, 'Restarts': 0, 'SiteHistory': ['Unknown', 'T1_UK_RAL', 'T1_UK_RAL', 'Unknown', 'T1_UK_RAL', 'T1_UK_RAL', 'T2_US_Caltech', 'T2_US_Caltech'], 'ResidentSetSize': [45784, 111712, 139652], 'SubmitTimes': [1741953115.0, 1741954380.0, 1741954945.0], 'StartTimes': [1741954205.0, 1741954671.0, 1741955186.0], 'EndTimes': [1741954301.0, 1741954779.0, 1741955328.0], 'TotalUserCpuTimeHistory': [4, 2, 10.0], 'TotalSysCpuTimeHistory': [0, 0, 0.0], 'WallDurations': [61.0, 74.8561646938324, 96.0, 108.0, 209.34319043159485, 209.34319043159485, 142.0, 294.984742641449], 'JobIds': ['116913684.0', '116917853.0', '116918637.0'], 'State': 'failed', 'RecordedSite': True, 'Error': [50115, 'BadFWJRXML', {}]}, '24': {'Retries': 2, 'Restarts': 0, 'SiteHistory': ['Unknown', 'T1_UK_RAL', 'T1_UK_RAL', 'Unknown', 'T1_UK_RAL', 'T1_UK_RAL', 'T1_FR_CCIN2P3', 'T1_FR_CCIN2P3'], 'ResidentSetSize': [32440, 79344, 98380], 'SubmitTimes': [1741953116.0, 1741954392.0, 1741954897.0], 'StartTimes': [1741954206.0, 1741954669.0, 1741954981.0], 'EndTimes': [1741954305.0, 1741954747.0, 1741955134.0], 'TotalUserCpuTimeHistory': [6, 4, 1.0], 'TotalSysCpuTimeHistory': [0, 0, 0.0], 'WallDurations': [61.0, 73.8561646938324, 99.0, 78.0, 211.34319043159485, 211.34319043159485, 153.0, 199.65066075325012], 'JobIds': ['116913691.0', '116917873.0', '116918543.0'], 'State': 'failed', 'RecordedSite': True, 'Error': [50115, 'BadFWJRXML', {}]}, '25': {'Retries': 2, 'Restarts': 0, 'SiteHistory': ['Unknown', 'T2_DE_RWTH', 'T2_DE_RWTH', 'Unknown', 'T1_FR_CCIN2P3', 'T1_FR_CCIN2P3', 'T1_FR_CCIN2P3', 'T1_FR_CCIN2P3'], 'ResidentSetSize': [136156, 92172, 82436], 'SubmitTimes': [1741953117.0, 1741954367.0, 1741954933.0], 'StartTimes': [1741954148.0, 1741954673.0, 1741954995.0], 'EndTimes': [1741954248.0, 1741954759.0, 1741955158.0], 'TotalUserCpuTimeHistory': [9, 33, 5.0], 'TotalSysCpuTimeHistory': [0, 2, 0.0], 'WallDurations': [100.0, 131.8561646938324, 131.8561646938324, 86.0, 207.34319043159485, 207.34319043159485, 163.0, 185.65066075325012], 'JobIds': ['116913697.0', '116917839.0', '116918605.0'], 'State': 'failed', 'RecordedSite': True, 'Error': [50115, 'BadFWJRXML', {}]}, '26': {'Retries': 2, 'Restarts': 0, 'SiteHistory': ['Unknown', 'T1_UK_RAL', 'T1_UK_RAL', 'Unknown', 'T1_FR_CCIN2P3', 'T1_FR_CCIN2P3', 'T1_FR_CCIN2P3', 'T1_FR_CCIN2P3'], 'ResidentSetSize': [70208, 45788, 45924], 'SubmitTimes': [1741953118.0, 1741954404.0, 1741954897.0], 'StartTimes': [1741954207.0, 1741954674.0, 1741954982.0], 'EndTimes': [1741954303.0, 1741954750.0, 1741955133.0], 'TotalUserCpuTimeHistory': [1, 0, 1.0], 'TotalSysCpuTimeHistory': [0, 0, 0.0], 'WallDurations': [61.0, 72.8561646938324, 96.0, 76.0, 206.34319043159485, 206.34319043159485, 151.0, 198.65066075325012], 'JobIds': ['116913703.0', '116917882.0', '116918544.0'], 'State': 'failed', 'RecordedSite': True, 'Error': [50115, 'BadFWJRXML', {}]}, '27': {'Retries': 2, 'Restarts': 0, 'SiteHistory': ['Unknown', 'T1_FR_CCIN2P3', 'T1_FR_CCIN2P3', 'Unknown', 'T1_UK_RAL', 'T1_UK_RAL', 'T1_FR_CCIN2P3', 'T1_FR_CCIN2P3'], 'ResidentSetSize': [41100, 79876, 115828], 'SubmitTimes': [1741953119.0, 1741954387.0, 1741954889.0], 'StartTimes': [1741954206.0, 1741954669.0, 1741954982.0], 'EndTimes': [1741954303.0, 1741954744.0, 1741955154.0], 'TotalUserCpuTimeHistory': [0, 5, 14.0], 'TotalSysCpuTimeHistory': [0, 0, 1.0], 'WallDurations': [61.0, 73.8561646938324, 97.0, 75.0, 211.34319043159485, 211.34319043159485, 172.0, 198.65066075325012], 'JobIds': ['116913708.0', '116917865.0', '116918527.0'], 'State': 'failed', 'RecordedSite': True, 'Error': [50115, 'BadFWJRXML', {}]}, '28': {'Retries': 2, 'Restarts': 0, 'SiteHistory': ['Unknown', 'T2_BE_UCL', 'T2_BE_UCL', 'Unknown', 'T1_UK_RAL', 'T1_UK_RAL', 'T1_FR_CCIN2P3', 'T1_FR_CCIN2P3'], 'ResidentSetSize': [111520, 75780, 83064], 'SubmitTimes': [1741953120.0, 1741954386.0, 1741954888.0], 'StartTimes': [1741954148.0, 1741954669.0, 1741954980.0], 'EndTimes': [1741954301.0, 1741954743.0, 1741955132.0], 'TotalUserCpuTimeHistory': [1, 2, 8.0], 'TotalSysCpuTimeHistory': [0, 0, 0.0], 'WallDurations': [113.0, 131.8561646938324, 153.0, 74.0, 211.34319043159485, 211.34319043159485, 152.0, 200.65066075325012], 'JobIds': ['116913716.0', '116917861.0', '116918523.0'], 'State': 'failed', 'RecordedSite': True, 'Error': [50115, 'BadFWJRXML', {}]}, '29': {'Retries': 2, 'Restarts': 0, 'SiteHistory': ['Unknown', 'T1_ES_PIC', 'T1_ES_PIC', 'T1_UK_RAL', 'T1_UK_RAL', 'T1_FR_CCIN2P3', 'T1_FR_CCIN2P3'], 'ResidentSetSize': [132096, 76332, 96680], 'SubmitTimes': [1741953129.0, 1741954537.0, 1741954806.0], 'StartTimes': [1741954320.0, 1741954591.0, 1741954882.0], 'EndTimes': [1741954453.0, 1741954659.0, 1741954978.0], 'TotalUserCpuTimeHistory': [7, 9, 6.0], 'TotalSysCpuTimeHistory': [0, 0, 0.0], 'WallDurations': [0, 133.0, 0, 68.0, 0, 96.0, 298.6506607532501], 'JobIds': ['116913722.0', '116918034.0', '116918417.0'], 'State': 'failed', 'RecordedSite': True, 'Error': [50115, 'BadFWJRXML', {}]}, '30': {'Retries': 2, 'Restarts': 0, 'SiteHistory': ['Unknown', 'T1_ES_PIC', 'T1_ES_PIC', 'Unknown', 'T1_UK_RAL', 'T1_UK_RAL', 'T1_ES_PIC', 'T1_ES_PIC'], 'ResidentSetSize': [90156, 76188, 133676], 'SubmitTimes': [1741953140.0, 1741954412.0, 1741954908.0], 'StartTimes': [1741954209.0, 1741954676.0, 1741954992.0], 'EndTimes': [1741954306.0, 1741954755.0, 1741955151.0], 'TotalUserCpuTimeHistory': [13, 5, 26.0], 'TotalSysCpuTimeHistory': [2, 0, 0.0], 'WallDurations': [61.0, 70.8561646938324, 97.0, 79.0, 204.34319043159485, 204.34319043159485, 159.0, 188.65066075325012], 'JobIds': ['116913732.0', '116917889.0', '116918564.0'], 'State': 'failed', 'RecordedSite': True}, '31': {'Retries': 2, 'Restarts': 0, 'SiteHistory': ['Unknown', 'T1_ES_PIC', 'T1_ES_PIC', 'Unknown', 'T1_UK_RAL', 'T1_UK_RAL', 'T2_US_Purdue', 'T2_US_Purdue'], 'ResidentSetSize': [100096, 99796, 85028], 'SubmitTimes': [1741953133.0, 1741954440.0, 1741954934.0], 'StartTimes': [1741954237.0, 1741954674.0, 1741955184.0], 'EndTimes': [1741954338.0, 1741954759.0, 1741955329.0], 'TotalUserCpuTimeHistory': [22, 0, 0.0], 'TotalSysCpuTimeHistory': [1, 0, 0.0], 'WallDurations': [9.0, 42.8561646938324, 101.0, 85.0, 206.34319043159485, 206.34319043159485, 145.0, 296.984742641449], 'JobIds': ['116913727.0', '116917939.0', '116918611.0'], 'State': 'failed', 'RecordedSite': True, 'Error': [50115, 'BadFWJRXML', {}]}}
INFO 2025-03-14 13:25:11.334 UTC: 	 Status on the scheduler:	FAILED
INFO 2025-03-14 13:25:11.334 UTC: 	 
Jobs status:                    failed       		100.0% (31/31)
INFO 2025-03-14 13:25:11.334 UTC: 	 
No publication information (publication has been disabled in the CRAB configuration file)
INFO 2025-03-14 13:25:11.334 UTC: 	 
Error Summary: (use crab status --verboseErrors for details about the errors)

29 jobs failed with exit code 50115

Could not find exit code details for 2 jobs.

Have a look at https://twiki.cern.ch/twiki/bin/viewauth/CMSPublic/JobExitCodes for a description of the exit codes.
INFO 2025-03-14 13:25:11.335 UTC: 	 
Warning: the max jobs runtime is less than 30% of the task requested value (2700 min), please consider to request a lower value for failed jobs (allowed through crab resubmit) and/or improve the jobs splitting (e.g. config.Data.splitting = 'Automatic') in a new task.
INFO 2025-03-14 13:25:11.335 UTC: 	 
Warning: the average jobs CPU efficiency is less than 50%, please consider to improve the jobs splitting (e.g. config.Data.splitting = 'Automatic') in a new task
INFO 2025-03-14 13:25:11.335 UTC: 	 
Summary of run jobs:
 * Memory: 80MB min, 314MB max, 108MB ave
 * Runtime: 0:01:33 min, 0:04:58 max, 0:03:40 ave
 * CPU eff: 0% min, 16% max, 4% ave
 * Waste: 7:28:59 (80% of total)

INFO 2025-03-14 13:25:11.353 UTC: 	 Log file is /eos/home-a/apuglia/SWAN_projects/thesis/CMSSW_14_1_7/src/PhysicsTools/NanoAODTools/crab/crab_TTTo2J1L1Nu/crab.log
DEBUG 2025-03-14 13:50:15.359 UTC: 	 CRAB Client version: v3.250217
DEBUG 2025-03-14 13:50:15.359 UTC: 	 Running on: Linux lxplus981.cern.ch 5.14.0-503.26.1.el9_5.x86_64 #1 SMP PREEMPT_DYNAMIC Mon Feb 10 05:23:56 EST 2025 x86_64 x86_64 x86_64 GNU/Linux
DEBUG 2025-03-14 13:50:15.359 UTC: 	 Not using Singularity
DEBUG 2025-03-14 13:50:15.359 UTC: 	 Operating System: Red Hat Enterprise Linux 9.5 (Plow)
DEBUG 2025-03-14 13:50:15.359 UTC: 	 Executing command: 'status'
DEBUG 2025-03-14 13:50:15.359 UTC: 	 Found CRAB cache file /afs/cern.ch/user/a/apuglia/.crab3
DEBUG 2025-03-14 13:50:15.368 UTC: 	 Checking credentials
DEBUG 2025-03-14 13:50:15.368 UTC: 	 Found proxy file /tmp/x509up_u180940
DEBUG 2025-03-14 13:50:15.368 UTC: 	 Making sure it has proper VOMS extension
DEBUG 2025-03-14 13:50:15.368 UTC: 	 Executing command :
 voms-proxy-info --vo --file /tmp/x509up_u180940
DEBUG 2025-03-14 13:50:15.879 UTC: 	 output : cms

 error: 
 retcode : 0
DEBUG 2025-03-14 13:50:15.879 UTC: 	 Getting proxy life time left
DEBUG 2025-03-14 13:50:15.879 UTC: 	 Executing command :
 voms-proxy-info --actimeleft --timeleft --file /tmp/x509up_u180940
DEBUG 2025-03-14 13:50:16.241 UTC: 	 output : 689689
689688

 error: 
 retcode : 0
DEBUG 2025-03-14 13:50:16.241 UTC: 	 Proxy valid for 191:34:48 hours
DEBUG 2025-03-14 13:50:16.241 UTC: 	 Encoded data for curl request: subresource=delegatedn
DEBUG 2025-03-14 13:50:16.332 UTC: 	 Registering user credentials on myproxy for /DC=ch/DC=cern/OU=computers/CN=crab-(preprod|prod)-tw(01|02).cern.ch|/DC=ch/DC=cern/OU=computers/CN=crab-dev-tw(01|02|03|04).cern.ch|/DC=ch/DC=cern/OU=Organic Units/OU=Users/CN=cmscrab/CN=(817881|373708)/CN=Robot: cms crab|/DC=ch/DC=cern/OU=Organic Units/OU=Users/CN=crabint1/CN=373708/CN=Robot: CMS CRAB Integration 1
DEBUG 2025-03-14 13:50:16.332 UTC: 	 Executing command :
 voms-proxy-info --identity --file /tmp/x509up_u180940
DEBUG 2025-03-14 13:50:16.735 UTC: 	 output : /DC=ch/DC=cern/OU=Organic Units/OU=Users/CN=apuglia/CN=885270/CN=Andrea Camilla Puglia

 error: 
 retcode : 0
DEBUG 2025-03-14 13:50:16.735 UTC: 	 Getting myproxy life time left for bbb60dc5a44802d56653e3a555244abd1d126f21
DEBUG 2025-03-14 13:50:16.735 UTC: 	 Executing command :
 myproxy-info -s myproxy.cern.ch -l bbb60dc5a44802d56653e3a555244abd1d126f21
DEBUG 2025-03-14 13:50:17.099 UTC: 	 output : username: bbb60dc5a44802d56653e3a555244abd1d126f21
owner: /DC=ch/DC=cern/OU=Organic Units/OU=Users/CN=apuglia/CN=885270/CN=Andrea Camilla Puglia
  renewal policy: /DC=ch/DC=cern/OU=computers/CN=crab-(preprod|prod)-tw(01|02).cern.ch|/DC=ch/DC=cern/OU=computers/CN=crab-dev-tw(01|02|03|04).cern.ch|/DC=ch/DC=cern/OU=Organic Units/OU=Users/CN=cmscrab/CN=(817881|373708)/CN=Robot: cms crab|/DC=ch/DC=cern/OU=Organic Units/OU=Users/CN=crabint1/CN=373708/CN=Robot: CMS CRAB Integration 1
  trusted retrieval policy: /DC=ch/DC=cern/OU=computers/CN=crab-(preprod|prod)-tw(01|02).cern.ch|/DC=ch/DC=cern/OU=computers/CN=crab-dev-tw(01|02|03|04).cern.ch|/DC=ch/DC=cern/OU=Organic Units/OU=Users/CN=cmscrab/CN=(817881|373708)/CN=Robot: cms crab|/DC=ch/DC=cern/OU=Organic Units/OU=Users/CN=crabint1/CN=373708/CN=Robot: CMS CRAB Integration 1
  timeleft: 704:43:50  (29.4 days)

 error: 
 retcode : 0
DEBUG 2025-03-14 13:50:17.099 UTC: 	 Myproxy is valid: 2536980
DEBUG 2025-03-14 13:50:17.099 UTC: 	 Result of myproxy credential check:
  Credential exists on myproxy: username: bbb60dc5a44802d56653e3a555244abd1d126f21  - validity: 29 days, 8:43:00
DEBUG 2025-03-14 13:50:17.099 UTC: 	 Retrieving username ...
DEBUG 2025-03-14 13:50:17.099 UTC: 	 Retrieving username from CRIC...
DEBUG 2025-03-14 13:50:17.872 UTC: 	 username is apuglia
INFO 2025-03-14 13:50:18.447 UTC: 	 Rucio client intialized for account apuglia
DEBUG 2025-03-14 13:50:18.448 UTC: 	 Command use: status
DEBUG 2025-03-14 13:50:18.448 UTC: 	 Options use: ['-d', './crab_TTTo2J1L1Nu']
DEBUG 2025-03-14 13:50:18.448 UTC: 	 Encoded data for curl request: subresource=version
DEBUG 2025-03-14 13:50:18.512 UTC: 	 CRABClient version: v3.250217
DEBUG 2025-03-14 13:50:18.512 UTC: 	 Instance is prod
DEBUG 2025-03-14 13:50:18.512 UTC: 	 Server base url is cmsweb.cern.ch
DEBUG 2025-03-14 13:50:18.512 UTC: 	 Command api workflow
DEBUG 2025-03-14 13:50:18.512 UTC: 	 Encoded data for curl request: subresource=search&workflow=250314_114724%3Aapuglia_crab_TTTo2J1L1Nu
DEBUG 2025-03-14 13:50:18.596 UTC: 	 Got information from server oracle database: {'desc': {'columns': ['tm_taskname', 'tm_activity', 'tm_task_status', 'tm_task_command', 'tm_start_time', 'tm_start_injection', 'tm_end_injection', 'tm_task_failure', 'tm_job_sw', 'tm_job_arch', 'tm_input_dataset', 'tm_nonvalid_input_dataset', 'tm_use_parent', 'tm_site_whitelist', 'tm_site_blacklist', 'tm_split_algo', 'tm_split_args', 'tm_user_sandbox', 'tm_cache_url', 'tm_username', 'tm_user_dn', 'tm_user_vo', 'tm_user_role', 'tm_user_group', 'tm_publish_name', 'tm_publish_groupname', 'tm_asyncdest', 'tm_dbs_url', 'tm_publish_dbs_url', 'tm_publication', 'tm_outfiles', 'tm_tfile_outfiles', 'tm_edm_outfiles', 'tm_job_type', 'tm_generator', 'tm_events_per_lumi', 'tm_arguments', 'tm_save_logs', 'tw_name', 'tm_user_infiles', 'tm_maxjobruntime', 'tm_numcores', 'tm_maxmemory', 'tm_priority', 'tm_output_dataset', 'tm_task_warnings', 'tm_user_webdir', 'tm_scriptexe', 'tm_scriptargs', 'tm_extrajdl', 'tm_collector', 'tm_schedd', 'tm_dry_run', 'tm_user_files', 'tm_transfer_outputs', 'tm_output_lfn', 'tm_ignore_locality', 'tm_fail_limit', 'tm_one_event_mode', 'tm_secondary_input_dataset', 'tm_primary_dataset', 'tm_last_publication', 'tm_debug_files', 'clusterid', 'tm_ignore_global_blacklist', 'tm_submitter_ip_addr', 'tm_totalunits', 'tm_ddm_reqid', 'tm_user_config', 'tm_transfer_container', 'tm_transfer_rule', 'tm_publish_rule', 'tm_multipub_rule', 'tm_job_min_microarch']}, 'result': ['250314_114724:apuglia_crab_TTTo2J1L1Nu', 'None', 'SUBMITTED', 'SUBMIT', '2025-03-14 11:47:24.982789', 'None', '2025-03-14 11:48:45.495442', 'None', 'CMSSW_14_1_7', 'el9_amd64_gcc12', '/TTTo2J1L1Nu_CP5_13p6TeV_powheg-pythia8/Run3Winter22NanoAOD-122X_mcRun3_2021_realistic_v9-v1/NANOAODSIM', 'T', '0', '[]', '[]', 'FileBased', "{'halt_job_on_file_boundaries': False, 'splitOnRun': False, 'files_per_job': 2000, 'runs': [], 'lumis': []}", 'f62c3b485e24d7086099cd225b0d39e10cca5ad0996e59f5b90113b11d41dc1b.tar.gz', 'https://cmsweb.cern.ch/S3/crabcache_prod', 'apuglia', '/DC=ch/DC=cern/OU=Organic Units/OU=Users/CN=apuglia/CN=885270/CN=Andrea Camilla Puglia', 'cms', 'None', 'None', 'TTTo2J1L1Nu-00000000000000000000000000000000', 'F', 'T2_IT_Pisa', 'https://cmsweb.cern.ch/dbs/prod/global/DBSReader', 'https://cmsweb.cern.ch/dbs/prod/phys03/DBSWriter', 'F', '[]', '[]', "['tree_hadd.root']", 'Analysis', 'pythia', 'None', '{}', 'T', 'crab-prod-tw01', '[]', '2700', '1', '2000', '10', 'None', '[]', 'http://vocms0195.cern.ch/mon/apuglia/250314_114724:apuglia_crab_TTTo2J1L1Nu', 'crab_script.sh', '[]', '[]', 'cmsgwms-collector-global.cern.ch:9620,cmsgwms-collector-global.fnal.gov:9620', 'crab3@vocms0195.cern.ch', 'F', '[]', 'T', '/store/user/apuglia', 'F', 'None', 'F', 'None', 'TTTo2J1L1Nu_CP5_13p6TeV_powheg-pythia8', 'None', '1e2ffc8f7c367ee8f52b9bccc99e2e81f8e286ba82b52660dc6d5012aeb19ccb.tar.gz', '116913439', 'F', '188.185.89.194', '0.0', 'None', '{"partialdataset": false, "requireaccelerator": false, "acceleratorparams": null, "inputblocks": null}', 'None', 'None', 'None', 'None', 'any']}
INFO 2025-03-14 13:50:18.596 UTC: 	 CRAB project directory:		/eos/home-a/apuglia/SWAN_projects/thesis/CMSSW_14_1_7/src/PhysicsTools/NanoAODTools/crab/crab_TTTo2J1L1Nu
INFO 2025-03-14 13:50:18.596 UTC: 	 Task name:			250314_114724:apuglia_crab_TTTo2J1L1Nu
INFO 2025-03-14 13:50:18.596 UTC: 	 Grid scheduler - Task Worker:	crab3@vocms0195.cern.ch - crab-prod-tw01
INFO 2025-03-14 13:50:18.596 UTC: 	 Status on the CRAB server:	SUBMITTED
INFO 2025-03-14 13:50:18.596 UTC: 	 Task URL to use for HELP:	https://cmsweb.cern.ch/crabserver/ui/task/250314_114724%3Aapuglia_crab_TTTo2J1L1Nu
INFO 2025-03-14 13:50:18.603 UTC: 	 Dashboard monitoring URL:	https://monit-grafana.cern.ch/d/cmsTMDetail/cms-task-monitoring-task-view?orgId=11&var-user=apuglia&var-task=250314_114724%3Aapuglia_crab_TTTo2J1L1Nu&from=1741949244000&to=now
DEBUG 2025-03-14 13:50:18.603 UTC: 	 The CRAB server submitted your task to the Grid scheduler (cluster ID: 116913439)
DEBUG 2025-03-14 13:50:18.603 UTC: 	 Webdir is located at http://vocms0195.cern.ch/mon/apuglia/250314_114724:apuglia_crab_TTTo2J1L1Nu
DEBUG 2025-03-14 13:50:18.603 UTC: 	 Encoded data for curl request: subresource=webdirprx&workflow=250314_114724%3Aapuglia_crab_TTTo2J1L1Nu
DEBUG 2025-03-14 13:50:18.684 UTC: 	 Proxied webdir is located at https://cmsweb.cern.ch:8443/scheddmon/0195/apuglia/250314_114724:apuglia_crab_TTTo2J1L1Nu
DEBUG 2025-03-14 13:50:18.707 UTC: 	 Retrieving 'status_cache' file from https://cmsweb.cern.ch:8443/scheddmon/0195/apuglia/250314_114724:apuglia_crab_TTTo2J1L1Nu/status_cache.pkl
DEBUG 2025-03-14 13:50:18.707 UTC: 	 Will execute:
curl -sS --capath /etc/grid-security/certificates --cert /tmp/x509up_u180940 --key /tmp/x509up_u180940 -o /tmp/crab_status-cache-xnu6wiqe.pkl -w %"{http_code}" "https://cmsweb.cern.ch:8443/scheddmon/0195/apuglia/250314_114724:apuglia_crab_TTTo2J1L1Nu/status_cache.pkl"
DEBUG 2025-03-14 13:50:18.707 UTC: 	 Executing command :
 curl -sS --capath /etc/grid-security/certificates --cert /tmp/x509up_u180940 --key /tmp/x509up_u180940 -o /tmp/crab_status-cache-xnu6wiqe.pkl -w %"{http_code}" "https://cmsweb.cern.ch:8443/scheddmon/0195/apuglia/250314_114724:apuglia_crab_TTTo2J1L1Nu/status_cache.pkl"
DEBUG 2025-03-14 13:50:18.873 UTC: 	 output : 200
 error: 
 retcode : 0
DEBUG 2025-03-14 13:50:18.874 UTC: 	 exitcode: 0
stdout: 200
stderr: 
error details: 
DEBUG 2025-03-14 13:50:18.874 UTC: 	 Got information from status cache file: {'10': {'Retries': 2, 'Restarts': 0, 'SiteHistory': ['Unknown', 'T1_FR_CCIN2P3', 'T1_FR_CCIN2P3', 'Unknown', 'T1_UK_RAL', 'T1_UK_RAL', 'T1_FR_CCIN2P3', 'T1_FR_CCIN2P3'], 'ResidentSetSize': [132428, 86912, 99164], 'SubmitTimes': [1741953020.0, 1741954411.0, 1741954880.0], 'StartTimes': [1741954204.0, 1741954674.0, 1741954979.0], 'EndTimes': [1741954303.0, 1741954744.0, 1741955161.0], 'TotalUserCpuTimeHistory': [16, 0, 32.0], 'TotalSysCpuTimeHistory': [0, 0, 1.0], 'WallDurations': [62.0, 75.8561646938324, 99.0, 70.0, 206.34319043159485, 206.34319043159485, 182.0, 201.65066075325012], 'JobIds': ['116913560.0', '116917886.0', '116918513.0'], 'State': 'failed', 'RecordedSite': True, 'Error': [50115, 'BadFWJRXML', {}]}, '12': {'Retries': 2, 'Restarts': 0, 'SiteHistory': ['Unknown', 'T1_FR_CCIN2P3', 'T1_FR_CCIN2P3', 'Unknown', 'T1_FR_CCIN2P3', 'T1_FR_CCIN2P3', 'T1_FR_CCIN2P3', 'T1_FR_CCIN2P3'], 'ResidentSetSize': [157416, 81824, 85092], 'SubmitTimes': [1741953021.0, 1741954400.0, 1741954878.0], 'StartTimes': [1741954206.0, 1741954668.0, 1741954946.0], 'EndTimes': [1741954306.0, 1741954740.0, 1741955063.0], 'TotalUserCpuTimeHistory': [11, 9, 9.0], 'TotalSysCpuTimeHistory': [1, 0, 0.0], 'WallDurations': [62.0, 73.8561646938324, 100.0, 72.0, 0, 117.0, 234.65066075325012, 234.65066075325012], 'JobIds': ['116913562.0', '116917877.0', '116918507.0'], 'State': 'failed', 'RecordedSite': True, 'Error': [50115, 'BadFWJRXML', {}]}, '4': {'Retries': 2, 'Restarts': 0, 'SiteHistory': ['Unknown', 'T1_FR_CCIN2P3', 'T1_FR_CCIN2P3', 'Unknown', 'T1_UK_RAL', 'T1_UK_RAL', 'T2_US_Caltech', 'T2_US_Caltech'], 'ResidentSetSize': [80056, 74148, 132744], 'SubmitTimes': [1741953022.0, 1741954436.0, 1741954949.0], 'StartTimes': [1741954210.0, 1741954679.0, 1741955209.0], 'EndTimes': [1741954338.0, 1741954778.0, 1741955352.0], 'TotalUserCpuTimeHistory': [53, 1, 20.0], 'TotalSysCpuTimeHistory': [1, 0, 0.0], 'WallDurations': [24.0, 69.8561646938324, 128.0, 99.0, 201.34319043159485, 201.34319043159485, 143.0, 271.984742641449], 'JobIds': ['116913564.0', '116917931.0', '116918647.0'], 'State': 'failed', 'RecordedSite': True, 'Error': [50115, 'BadFWJRXML', {}]}, '9': {'Retries': 2, 'Restarts': 0, 'SiteHistory': ['Unknown', 'T1_IT_CNAF', 'T1_IT_CNAF', 'Unknown', 'T1_UK_RAL', 'T1_UK_RAL', 'T1_FR_CCIN2P3', 'T1_FR_CCIN2P3'], 'ResidentSetSize': [89872, 72288, 43936], 'SubmitTimes': [1741953023.0, 1741954424.0, 1741954899.0], 'StartTimes': [1741954207.0, 1741954674.0, 1741954983.0], 'EndTimes': [1741954314.0, 1741954751.0, 1741955130.0], 'TotalUserCpuTimeHistory': [16, 3, 9.0], 'TotalSysCpuTimeHistory': [0, 0, 1.0], 'WallDurations': [9.0, 72.8561646938324, 107.0, 77.0, 206.34319043159485, 206.34319043159485, 147.0, 197.65066075325012], 'JobIds': ['116913568.0', '116917901.0', '116918546.0'], 'State': 'failed', 'RecordedSite': True, 'Error': [50115, 'BadFWJRXML', {}]}, '13': {'Retries': 2, 'Restarts': 0, 'SiteHistory': ['Unknown', 'T1_UK_RAL', 'T1_UK_RAL', 'Unknown', 'T1_UK_RAL', 'T1_UK_RAL', 'T1_FR_CCIN2P3', 'T1_FR_CCIN2P3'], 'ResidentSetSize': [49912, 64732, 114148], 'SubmitTimes': [1741953024.0, 1741954378.0, 1741954896.0], 'StartTimes': [1741954204.0, 1741954673.0, 1741954981.0], 'EndTimes': [1741954302.0, 1741954750.0, 1741955131.0], 'TotalUserCpuTimeHistory': [2, 3, 27.0], 'TotalSysCpuTimeHistory': [0, 0, 2.0], 'WallDurations': [61.0, 75.8561646938324, 98.0, 77.0, 207.34319043159485, 207.34319043159485, 150.0, 199.65066075325012], 'JobIds': ['116913572.0', '116917851.0', '116918542.0'], 'State': 'failed', 'RecordedSite': True, 'Error': [50115, 'BadFWJRXML', {}]}, '6': {'Retries': 2, 'Restarts': 0, 'SiteHistory': ['Unknown', 'T2_BE_IIHE', 'T2_BE_IIHE', 'T2_BE_IIHE', 'T2_BE_IIHE', 'T1_FR_CCIN2P3', 'T1_FR_CCIN2P3'], 'ResidentSetSize': [64480, 100112, 83596], 'SubmitTimes': [1741953025.0, 1741954311.0, 1741954691.0], 'StartTimes': [1741954145.0, 1741954344.0, 1741954755.0], 'EndTimes': [1741954209.0, 1741954541.0, 1741954852.0], 'TotalUserCpuTimeHistory': [2, 4, 5.0], 'TotalSysCpuTimeHistory': [0, 0, 0.0], 'WallDurations': [64.0, 134.8561646938324, 134.8561646938324, 197.0, 236.0788381099701, 97.0, 125.34319043159485], 'JobIds': ['116913577.0', '116917802.0', '116918227.0'], 'State': 'failed', 'RecordedSite': True}, '16': {'Retries': 2, 'Restarts': 0, 'SiteHistory': ['Unknown', 'T2_IT_Pisa', 'T2_IT_Pisa', 'T1_UK_RAL', 'T1_UK_RAL', 'T1_UK_RAL', 'T1_UK_RAL'], 'ResidentSetSize': [38536, 51648, 85748], 'SubmitTimes': [1741953032.0, 1741954310.0, 1741954582.0], 'StartTimes': [1741954146.0, 1741954336.0, 1741954667.0], 'EndTimes': [1741954209.0, 1741954444.0, 1741954745.0], 'TotalUserCpuTimeHistory': [8, 0, 8], 'TotalSysCpuTimeHistory': [0, 0, 0], 'WallDurations': [63.0, 133.8561646938324, 133.8561646938324, 108.0, 244.0788381099701, 78.0, 213.34319043159485], 'JobIds': ['116913592.0', '116917800.0', '116918078.0'], 'State': 'failed', 'RecordedSite': True, 'Error': [50115, 'BadFWJRXML', {}]}, '14': {'Retries': 2, 'Restarts': 0, 'SiteHistory': ['Unknown', 'T2_BE_UCL', 'T2_BE_UCL', 'Unknown', 'T1_FR_CCIN2P3', 'T1_FR_CCIN2P3', 'T1_FR_CCIN2P3', 'T1_FR_CCIN2P3'], 'ResidentSetSize': [51240, 88160, 86436], 'SubmitTimes': [1741953036.0, 1741954358.0, 1741954921.0], 'StartTimes': [1741954146.0, 1741954673.0, 1741954979.0], 'EndTimes': [1741954248.0, 1741954750.0, 1741955134.0], 'TotalUserCpuTimeHistory': [0, 2, 23.0], 'TotalSysCpuTimeHistory': [0, 0, 1.0], 'WallDurations': [102.0, 133.8561646938324, 133.8561646938324, 77.0, 207.34319043159485, 207.34319043159485, 155.0, 201.65066075325012], 'JobIds': ['116913594.0', '116917833.0', '116918577.0'], 'State': 'failed', 'RecordedSite': True, 'Error': [50115, 'BadFWJRXML', {}]}, '5': {'Retries': 2, 'Restarts': 0, 'SiteHistory': ['Unknown', 'T1_IT_CNAF', 'T1_IT_CNAF', 'Unknown', 'T1_UK_RAL', 'T1_UK_RAL', 'T2_US_Caltech', 'T2_US_Caltech'], 'ResidentSetSize': [97916, 93300, 321612], 'SubmitTimes': [1741953050.0, 1741954434.0, 1741954934.0], 'StartTimes': [1741954239.0, 1741954673.0, 1741955190.0], 'EndTimes': [1741954333.0, 1741954758.0, 1741955366.0], 'TotalUserCpuTimeHistory': [9, 9, 10.0], 'TotalSysCpuTimeHistory': [0, 0, 0.0], 'WallDurations': [9.0, 40.8561646938324, 94.0, 85.0, 207.34319043159485, 207.34319043159485, 176.0, 290.984742641449], 'JobIds': ['116913602.0', '116917925.0', '116918617.0'], 'State': 'failed', 'RecordedSite': True, 'Error': [50115, 'BadFWJRXML', {}]}, '11': {'Retries': 2, 'Restarts': 0, 'SiteHistory': ['Unknown', 'T1_UK_RAL', 'T1_UK_RAL', 'Unknown', 'T1_FR_CCIN2P3', 'T1_FR_CCIN2P3', 'T1_FR_CCIN2P3', 'T1_FR_CCIN2P3'], 'ResidentSetSize': [98816, 290436, 81356], 'SubmitTimes': [1741953057.0, 1741954377.0, 1741954958.0], 'StartTimes': [1741954205.0, 1741954668.0, 1741955198.0], 'EndTimes': [1741954301.0, 1741954786.0, 1741955330.0], 'TotalUserCpuTimeHistory': [5, 40, 9.0], 'TotalSysCpuTimeHistory': [0, 2, 1.0], 'WallDurations': [60.0, 74.8561646938324, 96.0, 118.0, 212.34319043159485, 212.34319043159485, 132.0, 282.984742641449], 'JobIds': ['116913609.0', '116917848.0', '116918655.0'], 'State': 'failed', 'RecordedSite': True, 'Error': [50115, 'BadFWJRXML', {}]}, '1': {'Retries': 2, 'Restarts': 0, 'SiteHistory': ['Unknown', 'T1_IT_CNAF', 'T1_IT_CNAF', 'T1_UK_RAL', 'T1_UK_RAL', 'Unknown', 'T2_US_Caltech', 'T2_US_Caltech'], 'ResidentSetSize': [114748, 51100, 101104], 'SubmitTimes': [1741953058.0, 1741954435.0, 1741954715.0], 'StartTimes': [1741954210.0, 1741954465.0, 1741954897.0], 'EndTimes': [1741954338.0, 1741954568.0, 1741954995.0], 'TotalUserCpuTimeHistory': [26, 3, 3.0], 'TotalSysCpuTimeHistory': [1, 0, 0.0], 'WallDurations': [21.0, 69.8561646938324, 128.0, 103.0, 115.07883810997009, 98.0, 283.6506607532501, 283.6506607532501], 'JobIds': ['116913613.0', '116917928.0', '116918256.0'], 'State': 'failed', 'RecordedSite': True, 'Error': [50115, 'BadFWJRXML', {}]}, '2': {'Retries': 2, 'Restarts': 0, 'SiteHistory': ['Unknown', 'T2_IT_Pisa', 'T2_IT_Pisa', 'Unknown', 'T1_UK_RAL', 'T1_UK_RAL', 'T2_US_Caltech', 'T2_US_Caltech'], 'ResidentSetSize': [4072, 103452, 96820], 'SubmitTimes': [1741953060.0, 1741954342.0, 1741954932.0], 'StartTimes': [1741954160.0, 1741954674.0, 1741955320.0], 'EndTimes': [1741954250.0, 1741954759.0, 1741955543.0], 'TotalUserCpuTimeHistory': [0, 0, 10.0], 'TotalSysCpuTimeHistory': [0, 0, 0.0], 'WallDurations': [90.0, 119.8561646938324, 119.8561646938324, 85.0, 206.34319043159485, 206.34319043159485, 140.0, 223.0], 'JobIds': ['116913616.0', '116917823.0', '116918596.0'], 'State': 'failed', 'RecordedSite': True, 'Error': [50115, 'BadFWJRXML', {}]}, '3': {'Retries': 2, 'Restarts': 0, 'SiteHistory': ['Unknown', 'T2_IT_Pisa', 'T2_IT_Pisa', 'Unknown', 'T1_UK_RAL', 'T1_UK_RAL', 'T1_UK_RAL', 'T1_UK_RAL'], 'ResidentSetSize': [24216, 82820, 43588], 'SubmitTimes': [1741953061.0, 1741954368.0, 1741954905.0], 'StartTimes': [1741954147.0, 1741954673.0, 1741954983.0], 'EndTimes': [1741954249.0, 1741954750.0, 1741955134.0], 'TotalUserCpuTimeHistory': [3, 3, 1.0], 'TotalSysCpuTimeHistory': [0, 0, 0.0], 'WallDurations': [102.0, 132.8561646938324, 132.8561646938324, 77.0, 207.34319043159485, 207.34319043159485, 151.0, 197.65066075325012], 'JobIds': ['116913619.0', '116917840.0', '116918561.0'], 'State': 'failed', 'RecordedSite': True, 'Error': [50115, 'BadFWJRXML', {}]}, '7': {'Retries': 2, 'Restarts': 0, 'SiteHistory': ['Unknown', 'T2_BE_IIHE', 'T2_BE_IIHE', 'Unknown', 'T1_UK_RAL', 'T1_UK_RAL', 'T2_US_Caltech', 'T2_US_Caltech'], 'ResidentSetSize': [108920, 64536, 87780], 'SubmitTimes': [1741953068.0, 1741954437.0, 1741954936.0], 'StartTimes': [1741954145.0, 1741954674.0, 1741955017.0], 'EndTimes': [1741954335.0, 1741954751.0, 1741955205.0], 'TotalUserCpuTimeHistory': [1, 3, 7.0], 'TotalSysCpuTimeHistory': [0, 0, 0.0], 'WallDurations': [9.0, 134.8561646938324, 190.0, 77.0, 206.34319043159485, 206.34319043159485, 61.0, 188.0], 'JobIds': ['116913634.0', '116917934.0', '116918622.0'], 'State': 'failed', 'RecordedSite': True, 'Error': [50115, 'BadFWJRXML', {}]}, '8': {'Retries': 2, 'Restarts': 0, 'SiteHistory': ['Unknown', 'T1_IT_CNAF', 'T1_IT_CNAF', 'Unknown', 'T1_UK_RAL', 'T1_UK_RAL', 'T1_IT_CNAF', 'T1_IT_CNAF'], 'ResidentSetSize': [106236, 97768, 90904], 'SubmitTimes': [1741953069.0, 1741954428.0, 1741954936.0], 'StartTimes': [1741954207.0, 1741954674.0, 1741954983.0], 'EndTimes': [1741954324.0, 1741954757.0, 1741955195.0], 'TotalUserCpuTimeHistory': [15, 0, 9.0], 'TotalSysCpuTimeHistory': [0, 0, 0.0], 'WallDurations': [8.0, 72.8561646938324, 117.0, 83.0, 206.34319043159485, 206.34319043159485, 85.0, 212.0], 'JobIds': ['116913637.0', '116917907.0', '116918623.0'], 'State': 'failed', 'RecordedSite': True, 'Error': [50115, 'BadFWJRXML', {}]}, '15': {'Retries': 2, 'Restarts': 0, 'SiteHistory': ['Unknown', 'T2_IT_Pisa', 'T2_IT_Pisa', 'Unknown', 'T1_FR_CCIN2P3', 'T1_FR_CCIN2P3', 'T1_UK_RAL', 'T1_UK_RAL'], 'ResidentSetSize': [4068, 118080, 41368], 'SubmitTimes': [1741953070.0, 1741954346.0, 1741954932.0], 'StartTimes': [1741954147.0, 1741954673.0, 1741954983.0], 'EndTimes': [1741954248.0, 1741954754.0, 1741955134.0], 'TotalUserCpuTimeHistory': [1, 27, 1.0], 'TotalSysCpuTimeHistory': [0, 2, 0.0], 'WallDurations': [101.0, 132.8561646938324, 132.8561646938324, 81.0, 207.34319043159485, 207.34319043159485, 151.0, 197.65066075325012], 'JobIds': ['116913643.0', '116917827.0', '116918600.0'], 'State': 'failed', 'RecordedSite': True, 'Error': [50115, 'BadFWJRXML', {}]}, '17': {'Retries': 2, 'Restarts': 0, 'SiteHistory': ['Unknown', 'T2_IT_Pisa', 'T2_IT_Pisa', 'Unknown', 'T1_FR_CCIN2P3', 'T1_FR_CCIN2P3', 'T2_US_Nebraska', 'T2_US_Nebraska'], 'ResidentSetSize': [53432, 93780, 82888], 'SubmitTimes': [1741953071.0, 1741954334.0, 1741954937.0], 'StartTimes': [1741954147.0, 1741954668.0, 1741955185.0], 'EndTimes': [1741954243.0, 1741954779.0, 1741955328.0], 'TotalUserCpuTimeHistory': [5, 26, 1.0], 'TotalSysCpuTimeHistory': [0, 1, 0.0], 'WallDurations': [96.0, 132.8561646938324, 132.8561646938324, 111.0, 212.34319043159485, 212.34319043159485, 143.0, 295.984742641449], 'JobIds': ['116913646.0', '116917819.0', '116918629.0'], 'State': 'failed', 'RecordedSite': True, 'Error': [50115, 'BadFWJRXML', {}]}, '18': {'Retries': 2, 'Restarts': 0, 'SiteHistory': ['Unknown', 'T2_IT_Pisa', 'T2_IT_Pisa', 'Unknown', 'T1_FR_CCIN2P3', 'T1_FR_CCIN2P3', 'T1_FR_CCIN2P3', 'T1_FR_CCIN2P3'], 'ResidentSetSize': [207540, 82932, 297684], 'SubmitTimes': [1741953073.0, 1741954388.0, 1741954932.0], 'StartTimes': [1741954154.0, 1741954674.0, 1741954983.0], 'EndTimes': [1741954303.0, 1741954751.0, 1741955134.0], 'TotalUserCpuTimeHistory': [2, 6, 9.0], 'TotalSysCpuTimeHistory': [0, 0, 0.0], 'WallDurations': [112.0, 125.8561646938324, 149.0, 77.0, 206.34319043159485, 206.34319043159485, 151.0, 197.65066075325012], 'JobIds': ['116913650.0', '116917867.0', '116918591.0'], 'State': 'failed', 'RecordedSite': True, 'Error': [50115, 'BadFWJRXML', {}]}, '19': {'Retries': 2, 'Restarts': 0, 'SiteHistory': ['Unknown', 'T2_IT_Pisa', 'T2_IT_Pisa', 'T1_FR_CCIN2P3', 'T1_FR_CCIN2P3', 'T1_FR_CCIN2P3', 'T1_FR_CCIN2P3'], 'ResidentSetSize': [4080, 92512, 82756], 'SubmitTimes': [1741953083.0, 1741954332.0, 1741954660.0], 'StartTimes': [1741954147.0, 1741954359.0, 1741954840.0], 'EndTimes': [1741954247.0, 1741954515.0, 1741954933.0], 'TotalUserCpuTimeHistory': [12, 66, 11.0], 'TotalSysCpuTimeHistory': [0, 4, 0.0], 'WallDurations': [100.0, 132.8561646938324, 132.8561646938324, 156.0, 221.0788381099701, 9.0, 93.0], 'JobIds': ['116913659.0', '116917815.0', '116918179.0'], 'State': 'failed', 'RecordedSite': True, 'Error': [50115, 'BadFWJRXML', {}]}, '20': {'Retries': 2, 'Restarts': 0, 'SiteHistory': ['Unknown', 'T1_FR_CCIN2P3', 'T1_FR_CCIN2P3', 'Unknown', 'T1_UK_RAL', 'T1_UK_RAL', 'T1_FR_CCIN2P3', 'T1_FR_CCIN2P3'], 'ResidentSetSize': [72712, 45344, 79920], 'SubmitTimes': [1741953085.0, 1741954413.0, 1741954910.0], 'StartTimes': [1741954207.0, 1741954674.0, 1741954981.0], 'EndTimes': [1741954303.0, 1741954752.0, 1741955131.0], 'TotalUserCpuTimeHistory': [0, 3, 1.0], 'TotalSysCpuTimeHistory': [0, 0, 0.0], 'WallDurations': [60.0, 72.8561646938324, 96.0, 78.0, 206.34319043159485, 206.34319043159485, 150.0, 199.65066075325012], 'JobIds': ['116913661.0', '116917893.0', '116918566.0'], 'State': 'failed', 'RecordedSite': True, 'Error': [50115, 'BadFWJRXML', {}]}, '21': {'Retries': 2, 'Restarts': 0, 'SiteHistory': ['Unknown', 'T1_UK_RAL', 'T1_UK_RAL', 'Unknown', 'T1_FR_CCIN2P3', 'T1_FR_CCIN2P3', 'T1_FR_CCIN2P3', 'T1_FR_CCIN2P3'], 'ResidentSetSize': [51052, 75284, 294856], 'SubmitTimes': [1741953105.0, 1741954426.0, 1741954925.0], 'StartTimes': [1741954234.0, 1741954674.0, 1741954981.0], 'EndTimes': [1741954324.0, 1741954751.0, 1741955132.0], 'TotalUserCpuTimeHistory': [1, 6, 12.0], 'TotalSysCpuTimeHistory': [0, 0, 0.0], 'WallDurations': [9.0, 45.8561646938324, 90.0, 77.0, 206.34319043159485, 206.34319043159485, 151.0, 199.65066075325012], 'JobIds': ['116913670.0', '116917904.0', '116918581.0'], 'State': 'failed', 'RecordedSite': True, 'Error': [50115, 'BadFWJRXML', {}]}, '22': {'Retries': 2, 'Restarts': 0, 'SiteHistory': ['Unknown', 'T1_FR_CCIN2P3', 'T1_FR_CCIN2P3', 'Unknown', 'T1_UK_RAL', 'T1_UK_RAL', 'T2_US_Florida', 'T2_US_Florida'], 'ResidentSetSize': [77752, 119528, 108004], 'SubmitTimes': [1741953115.0, 1741954416.0, 1741954947.0], 'StartTimes': [1741954206.0, 1741954673.0, 1741955207.0], 'EndTimes': [1741954304.0, 1741954779.0, 1741955348.0], 'TotalUserCpuTimeHistory': [3, 2, 0.0], 'TotalSysCpuTimeHistory': [0, 0, 0.0], 'WallDurations': [61.0, 73.8561646938324, 98.0, 106.0, 207.34319043159485, 207.34319043159485, 141.0, 273.984742641449], 'JobIds': ['116913678.0', '116917897.0', '116918642.0'], 'State': 'failed', 'RecordedSite': True, 'Error': [50115, 'BadFWJRXML', {}]}, '23': {'Retries': 2, 'Restarts': 0, 'SiteHistory': ['Unknown', 'T1_UK_RAL', 'T1_UK_RAL', 'Unknown', 'T1_UK_RAL', 'T1_UK_RAL', 'T2_US_Caltech', 'T2_US_Caltech'], 'ResidentSetSize': [45784, 111712, 139652], 'SubmitTimes': [1741953115.0, 1741954380.0, 1741954945.0], 'StartTimes': [1741954205.0, 1741954671.0, 1741955186.0], 'EndTimes': [1741954301.0, 1741954779.0, 1741955328.0], 'TotalUserCpuTimeHistory': [4, 2, 10.0], 'TotalSysCpuTimeHistory': [0, 0, 0.0], 'WallDurations': [61.0, 74.8561646938324, 96.0, 108.0, 209.34319043159485, 209.34319043159485, 142.0, 294.984742641449], 'JobIds': ['116913684.0', '116917853.0', '116918637.0'], 'State': 'failed', 'RecordedSite': True, 'Error': [50115, 'BadFWJRXML', {}]}, '24': {'Retries': 2, 'Restarts': 0, 'SiteHistory': ['Unknown', 'T1_UK_RAL', 'T1_UK_RAL', 'Unknown', 'T1_UK_RAL', 'T1_UK_RAL', 'T1_FR_CCIN2P3', 'T1_FR_CCIN2P3'], 'ResidentSetSize': [32440, 79344, 98380], 'SubmitTimes': [1741953116.0, 1741954392.0, 1741954897.0], 'StartTimes': [1741954206.0, 1741954669.0, 1741954981.0], 'EndTimes': [1741954305.0, 1741954747.0, 1741955134.0], 'TotalUserCpuTimeHistory': [6, 4, 1.0], 'TotalSysCpuTimeHistory': [0, 0, 0.0], 'WallDurations': [61.0, 73.8561646938324, 99.0, 78.0, 211.34319043159485, 211.34319043159485, 153.0, 199.65066075325012], 'JobIds': ['116913691.0', '116917873.0', '116918543.0'], 'State': 'failed', 'RecordedSite': True, 'Error': [50115, 'BadFWJRXML', {}]}, '25': {'Retries': 2, 'Restarts': 0, 'SiteHistory': ['Unknown', 'T2_DE_RWTH', 'T2_DE_RWTH', 'Unknown', 'T1_FR_CCIN2P3', 'T1_FR_CCIN2P3', 'T1_FR_CCIN2P3', 'T1_FR_CCIN2P3'], 'ResidentSetSize': [136156, 92172, 82436], 'SubmitTimes': [1741953117.0, 1741954367.0, 1741954933.0], 'StartTimes': [1741954148.0, 1741954673.0, 1741954995.0], 'EndTimes': [1741954248.0, 1741954759.0, 1741955158.0], 'TotalUserCpuTimeHistory': [9, 33, 5.0], 'TotalSysCpuTimeHistory': [0, 2, 0.0], 'WallDurations': [100.0, 131.8561646938324, 131.8561646938324, 86.0, 207.34319043159485, 207.34319043159485, 163.0, 185.65066075325012], 'JobIds': ['116913697.0', '116917839.0', '116918605.0'], 'State': 'failed', 'RecordedSite': True, 'Error': [50115, 'BadFWJRXML', {}]}, '26': {'Retries': 2, 'Restarts': 0, 'SiteHistory': ['Unknown', 'T1_UK_RAL', 'T1_UK_RAL', 'Unknown', 'T1_FR_CCIN2P3', 'T1_FR_CCIN2P3', 'T1_FR_CCIN2P3', 'T1_FR_CCIN2P3'], 'ResidentSetSize': [70208, 45788, 45924], 'SubmitTimes': [1741953118.0, 1741954404.0, 1741954897.0], 'StartTimes': [1741954207.0, 1741954674.0, 1741954982.0], 'EndTimes': [1741954303.0, 1741954750.0, 1741955133.0], 'TotalUserCpuTimeHistory': [1, 0, 1.0], 'TotalSysCpuTimeHistory': [0, 0, 0.0], 'WallDurations': [61.0, 72.8561646938324, 96.0, 76.0, 206.34319043159485, 206.34319043159485, 151.0, 198.65066075325012], 'JobIds': ['116913703.0', '116917882.0', '116918544.0'], 'State': 'failed', 'RecordedSite': True, 'Error': [50115, 'BadFWJRXML', {}]}, '27': {'Retries': 2, 'Restarts': 0, 'SiteHistory': ['Unknown', 'T1_FR_CCIN2P3', 'T1_FR_CCIN2P3', 'Unknown', 'T1_UK_RAL', 'T1_UK_RAL', 'T1_FR_CCIN2P3', 'T1_FR_CCIN2P3'], 'ResidentSetSize': [41100, 79876, 115828], 'SubmitTimes': [1741953119.0, 1741954387.0, 1741954889.0], 'StartTimes': [1741954206.0, 1741954669.0, 1741954982.0], 'EndTimes': [1741954303.0, 1741954744.0, 1741955154.0], 'TotalUserCpuTimeHistory': [0, 5, 14.0], 'TotalSysCpuTimeHistory': [0, 0, 1.0], 'WallDurations': [61.0, 73.8561646938324, 97.0, 75.0, 211.34319043159485, 211.34319043159485, 172.0, 198.65066075325012], 'JobIds': ['116913708.0', '116917865.0', '116918527.0'], 'State': 'failed', 'RecordedSite': True, 'Error': [50115, 'BadFWJRXML', {}]}, '28': {'Retries': 2, 'Restarts': 0, 'SiteHistory': ['Unknown', 'T2_BE_UCL', 'T2_BE_UCL', 'Unknown', 'T1_UK_RAL', 'T1_UK_RAL', 'T1_FR_CCIN2P3', 'T1_FR_CCIN2P3'], 'ResidentSetSize': [111520, 75780, 83064], 'SubmitTimes': [1741953120.0, 1741954386.0, 1741954888.0], 'StartTimes': [1741954148.0, 1741954669.0, 1741954980.0], 'EndTimes': [1741954301.0, 1741954743.0, 1741955132.0], 'TotalUserCpuTimeHistory': [1, 2, 8.0], 'TotalSysCpuTimeHistory': [0, 0, 0.0], 'WallDurations': [113.0, 131.8561646938324, 153.0, 74.0, 211.34319043159485, 211.34319043159485, 152.0, 200.65066075325012], 'JobIds': ['116913716.0', '116917861.0', '116918523.0'], 'State': 'failed', 'RecordedSite': True, 'Error': [50115, 'BadFWJRXML', {}]}, '29': {'Retries': 2, 'Restarts': 0, 'SiteHistory': ['Unknown', 'T1_ES_PIC', 'T1_ES_PIC', 'T1_UK_RAL', 'T1_UK_RAL', 'T1_FR_CCIN2P3', 'T1_FR_CCIN2P3'], 'ResidentSetSize': [132096, 76332, 96680], 'SubmitTimes': [1741953129.0, 1741954537.0, 1741954806.0], 'StartTimes': [1741954320.0, 1741954591.0, 1741954882.0], 'EndTimes': [1741954453.0, 1741954659.0, 1741954978.0], 'TotalUserCpuTimeHistory': [7, 9, 6.0], 'TotalSysCpuTimeHistory': [0, 0, 0.0], 'WallDurations': [0, 133.0, 0, 68.0, 0, 96.0, 298.6506607532501], 'JobIds': ['116913722.0', '116918034.0', '116918417.0'], 'State': 'failed', 'RecordedSite': True, 'Error': [50115, 'BadFWJRXML', {}]}, '30': {'Retries': 2, 'Restarts': 0, 'SiteHistory': ['Unknown', 'T1_ES_PIC', 'T1_ES_PIC', 'Unknown', 'T1_UK_RAL', 'T1_UK_RAL', 'T1_ES_PIC', 'T1_ES_PIC'], 'ResidentSetSize': [90156, 76188, 133676], 'SubmitTimes': [1741953140.0, 1741954412.0, 1741954908.0], 'StartTimes': [1741954209.0, 1741954676.0, 1741954992.0], 'EndTimes': [1741954306.0, 1741954755.0, 1741955151.0], 'TotalUserCpuTimeHistory': [13, 5, 26.0], 'TotalSysCpuTimeHistory': [2, 0, 0.0], 'WallDurations': [61.0, 70.8561646938324, 97.0, 79.0, 204.34319043159485, 204.34319043159485, 159.0, 188.65066075325012], 'JobIds': ['116913732.0', '116917889.0', '116918564.0'], 'State': 'failed', 'RecordedSite': True}, '31': {'Retries': 2, 'Restarts': 0, 'SiteHistory': ['Unknown', 'T1_ES_PIC', 'T1_ES_PIC', 'Unknown', 'T1_UK_RAL', 'T1_UK_RAL', 'T2_US_Purdue', 'T2_US_Purdue'], 'ResidentSetSize': [100096, 99796, 85028], 'SubmitTimes': [1741953133.0, 1741954440.0, 1741954934.0], 'StartTimes': [1741954237.0, 1741954674.0, 1741955184.0], 'EndTimes': [1741954338.0, 1741954759.0, 1741955329.0], 'TotalUserCpuTimeHistory': [22, 0, 0.0], 'TotalSysCpuTimeHistory': [1, 0, 0.0], 'WallDurations': [9.0, 42.8561646938324, 101.0, 85.0, 206.34319043159485, 206.34319043159485, 145.0, 296.984742641449], 'JobIds': ['116913727.0', '116917939.0', '116918611.0'], 'State': 'failed', 'RecordedSite': True, 'Error': [50115, 'BadFWJRXML', {}]}}
INFO 2025-03-14 13:50:18.874 UTC: 	 Status on the scheduler:	FAILED
INFO 2025-03-14 13:50:18.874 UTC: 	 
Jobs status:                    failed       		100.0% (31/31)
INFO 2025-03-14 13:50:18.874 UTC: 	 
No publication information (publication has been disabled in the CRAB configuration file)
INFO 2025-03-14 13:50:18.875 UTC: 	 
Error Summary: (use crab status --verboseErrors for details about the errors)

29 jobs failed with exit code 50115

Could not find exit code details for 2 jobs.

Have a look at https://twiki.cern.ch/twiki/bin/viewauth/CMSPublic/JobExitCodes for a description of the exit codes.
INFO 2025-03-14 13:50:18.875 UTC: 	 
Warning: the max jobs runtime is less than 30% of the task requested value (2700 min), please consider to request a lower value for failed jobs (allowed through crab resubmit) and/or improve the jobs splitting (e.g. config.Data.splitting = 'Automatic') in a new task.
INFO 2025-03-14 13:50:18.875 UTC: 	 
Warning: the average jobs CPU efficiency is less than 50%, please consider to improve the jobs splitting (e.g. config.Data.splitting = 'Automatic') in a new task
INFO 2025-03-14 13:50:18.875 UTC: 	 
Summary of run jobs:
 * Memory: 80MB min, 314MB max, 108MB ave
 * Runtime: 0:01:33 min, 0:04:58 max, 0:03:40 ave
 * CPU eff: 0% min, 16% max, 4% ave
 * Waste: 7:28:59 (80% of total)

INFO 2025-03-14 13:50:18.883 UTC: 	 Log file is /eos/home-a/apuglia/SWAN_projects/thesis/CMSSW_14_1_7/src/PhysicsTools/NanoAODTools/crab/crab_TTTo2J1L1Nu/crab.log
DEBUG 2025-03-14 13:50:31.628 UTC: 	 CRAB Client version: v3.250217
DEBUG 2025-03-14 13:50:31.628 UTC: 	 Running on: Linux lxplus981.cern.ch 5.14.0-503.26.1.el9_5.x86_64 #1 SMP PREEMPT_DYNAMIC Mon Feb 10 05:23:56 EST 2025 x86_64 x86_64 x86_64 GNU/Linux
DEBUG 2025-03-14 13:50:31.628 UTC: 	 Not using Singularity
DEBUG 2025-03-14 13:50:31.628 UTC: 	 Operating System: Red Hat Enterprise Linux 9.5 (Plow)
DEBUG 2025-03-14 13:50:31.628 UTC: 	 Executing command: 'status'
DEBUG 2025-03-14 13:50:31.628 UTC: 	 Found CRAB cache file /afs/cern.ch/user/a/apuglia/.crab3
DEBUG 2025-03-14 13:50:31.639 UTC: 	 Checking credentials
DEBUG 2025-03-14 13:50:31.639 UTC: 	 Found proxy file /tmp/x509up_u180940
DEBUG 2025-03-14 13:50:31.639 UTC: 	 Making sure it has proper VOMS extension
DEBUG 2025-03-14 13:50:31.639 UTC: 	 Executing command :
 voms-proxy-info --vo --file /tmp/x509up_u180940
DEBUG 2025-03-14 13:50:32.070 UTC: 	 output : cms

 error: 
 retcode : 0
DEBUG 2025-03-14 13:50:32.070 UTC: 	 Getting proxy life time left
DEBUG 2025-03-14 13:50:32.070 UTC: 	 Executing command :
 voms-proxy-info --actimeleft --timeleft --file /tmp/x509up_u180940
DEBUG 2025-03-14 13:50:32.488 UTC: 	 output : 689673
689672

 error: 
 retcode : 0
DEBUG 2025-03-14 13:50:32.489 UTC: 	 Proxy valid for 191:34:32 hours
DEBUG 2025-03-14 13:50:32.489 UTC: 	 Encoded data for curl request: subresource=delegatedn
DEBUG 2025-03-14 13:50:32.552 UTC: 	 Registering user credentials on myproxy for /DC=ch/DC=cern/OU=computers/CN=crab-(preprod|prod)-tw(01|02).cern.ch|/DC=ch/DC=cern/OU=computers/CN=crab-dev-tw(01|02|03|04).cern.ch|/DC=ch/DC=cern/OU=Organic Units/OU=Users/CN=cmscrab/CN=(817881|373708)/CN=Robot: cms crab|/DC=ch/DC=cern/OU=Organic Units/OU=Users/CN=crabint1/CN=373708/CN=Robot: CMS CRAB Integration 1
DEBUG 2025-03-14 13:50:32.552 UTC: 	 Executing command :
 voms-proxy-info --identity --file /tmp/x509up_u180940
DEBUG 2025-03-14 13:50:32.947 UTC: 	 output : /DC=ch/DC=cern/OU=Organic Units/OU=Users/CN=apuglia/CN=885270/CN=Andrea Camilla Puglia

 error: 
 retcode : 0
DEBUG 2025-03-14 13:50:32.948 UTC: 	 Getting myproxy life time left for bbb60dc5a44802d56653e3a555244abd1d126f21
DEBUG 2025-03-14 13:50:32.948 UTC: 	 Executing command :
 myproxy-info -s myproxy.cern.ch -l bbb60dc5a44802d56653e3a555244abd1d126f21
DEBUG 2025-03-14 13:50:33.280 UTC: 	 output : username: bbb60dc5a44802d56653e3a555244abd1d126f21
owner: /DC=ch/DC=cern/OU=Organic Units/OU=Users/CN=apuglia/CN=885270/CN=Andrea Camilla Puglia
  renewal policy: /DC=ch/DC=cern/OU=computers/CN=crab-(preprod|prod)-tw(01|02).cern.ch|/DC=ch/DC=cern/OU=computers/CN=crab-dev-tw(01|02|03|04).cern.ch|/DC=ch/DC=cern/OU=Organic Units/OU=Users/CN=cmscrab/CN=(817881|373708)/CN=Robot: cms crab|/DC=ch/DC=cern/OU=Organic Units/OU=Users/CN=crabint1/CN=373708/CN=Robot: CMS CRAB Integration 1
  trusted retrieval policy: /DC=ch/DC=cern/OU=computers/CN=crab-(preprod|prod)-tw(01|02).cern.ch|/DC=ch/DC=cern/OU=computers/CN=crab-dev-tw(01|02|03|04).cern.ch|/DC=ch/DC=cern/OU=Organic Units/OU=Users/CN=cmscrab/CN=(817881|373708)/CN=Robot: cms crab|/DC=ch/DC=cern/OU=Organic Units/OU=Users/CN=crabint1/CN=373708/CN=Robot: CMS CRAB Integration 1
  timeleft: 704:43:34  (29.4 days)

 error: 
 retcode : 0
DEBUG 2025-03-14 13:50:33.280 UTC: 	 Myproxy is valid: 2536980
DEBUG 2025-03-14 13:50:33.280 UTC: 	 Result of myproxy credential check:
  Credential exists on myproxy: username: bbb60dc5a44802d56653e3a555244abd1d126f21  - validity: 29 days, 8:43:00
DEBUG 2025-03-14 13:50:33.280 UTC: 	 Retrieving username ...
DEBUG 2025-03-14 13:50:33.280 UTC: 	 Retrieving username from CRIC...
DEBUG 2025-03-14 13:50:33.929 UTC: 	 username is apuglia
INFO 2025-03-14 13:50:34.506 UTC: 	 Rucio client intialized for account apuglia
DEBUG 2025-03-14 13:50:34.507 UTC: 	 Command use: status
DEBUG 2025-03-14 13:50:34.507 UTC: 	 Options use: ['--verboseErrors']
DEBUG 2025-03-14 13:50:34.507 UTC: 	 Encoded data for curl request: subresource=version
DEBUG 2025-03-14 13:50:34.558 UTC: 	 CRABClient version: v3.250217
DEBUG 2025-03-14 13:50:34.558 UTC: 	 Instance is prod
DEBUG 2025-03-14 13:50:34.558 UTC: 	 Server base url is cmsweb.cern.ch
DEBUG 2025-03-14 13:50:34.558 UTC: 	 Command api workflow
DEBUG 2025-03-14 13:50:34.558 UTC: 	 Encoded data for curl request: subresource=search&workflow=250314_114724%3Aapuglia_crab_TTTo2J1L1Nu
DEBUG 2025-03-14 13:50:34.612 UTC: 	 Got information from server oracle database: {'desc': {'columns': ['tm_taskname', 'tm_activity', 'tm_task_status', 'tm_task_command', 'tm_start_time', 'tm_start_injection', 'tm_end_injection', 'tm_task_failure', 'tm_job_sw', 'tm_job_arch', 'tm_input_dataset', 'tm_nonvalid_input_dataset', 'tm_use_parent', 'tm_site_whitelist', 'tm_site_blacklist', 'tm_split_algo', 'tm_split_args', 'tm_user_sandbox', 'tm_cache_url', 'tm_username', 'tm_user_dn', 'tm_user_vo', 'tm_user_role', 'tm_user_group', 'tm_publish_name', 'tm_publish_groupname', 'tm_asyncdest', 'tm_dbs_url', 'tm_publish_dbs_url', 'tm_publication', 'tm_outfiles', 'tm_tfile_outfiles', 'tm_edm_outfiles', 'tm_job_type', 'tm_generator', 'tm_events_per_lumi', 'tm_arguments', 'tm_save_logs', 'tw_name', 'tm_user_infiles', 'tm_maxjobruntime', 'tm_numcores', 'tm_maxmemory', 'tm_priority', 'tm_output_dataset', 'tm_task_warnings', 'tm_user_webdir', 'tm_scriptexe', 'tm_scriptargs', 'tm_extrajdl', 'tm_collector', 'tm_schedd', 'tm_dry_run', 'tm_user_files', 'tm_transfer_outputs', 'tm_output_lfn', 'tm_ignore_locality', 'tm_fail_limit', 'tm_one_event_mode', 'tm_secondary_input_dataset', 'tm_primary_dataset', 'tm_last_publication', 'tm_debug_files', 'clusterid', 'tm_ignore_global_blacklist', 'tm_submitter_ip_addr', 'tm_totalunits', 'tm_ddm_reqid', 'tm_user_config', 'tm_transfer_container', 'tm_transfer_rule', 'tm_publish_rule', 'tm_multipub_rule', 'tm_job_min_microarch']}, 'result': ['250314_114724:apuglia_crab_TTTo2J1L1Nu', 'None', 'SUBMITTED', 'SUBMIT', '2025-03-14 11:47:24.982789', 'None', '2025-03-14 11:48:45.495442', 'None', 'CMSSW_14_1_7', 'el9_amd64_gcc12', '/TTTo2J1L1Nu_CP5_13p6TeV_powheg-pythia8/Run3Winter22NanoAOD-122X_mcRun3_2021_realistic_v9-v1/NANOAODSIM', 'T', '0', '[]', '[]', 'FileBased', "{'halt_job_on_file_boundaries': False, 'splitOnRun': False, 'files_per_job': 2000, 'runs': [], 'lumis': []}", 'f62c3b485e24d7086099cd225b0d39e10cca5ad0996e59f5b90113b11d41dc1b.tar.gz', 'https://cmsweb.cern.ch/S3/crabcache_prod', 'apuglia', '/DC=ch/DC=cern/OU=Organic Units/OU=Users/CN=apuglia/CN=885270/CN=Andrea Camilla Puglia', 'cms', 'None', 'None', 'TTTo2J1L1Nu-00000000000000000000000000000000', 'F', 'T2_IT_Pisa', 'https://cmsweb.cern.ch/dbs/prod/global/DBSReader', 'https://cmsweb.cern.ch/dbs/prod/phys03/DBSWriter', 'F', '[]', '[]', "['tree_hadd.root']", 'Analysis', 'pythia', 'None', '{}', 'T', 'crab-prod-tw01', '[]', '2700', '1', '2000', '10', 'None', '[]', 'http://vocms0195.cern.ch/mon/apuglia/250314_114724:apuglia_crab_TTTo2J1L1Nu', 'crab_script.sh', '[]', '[]', 'cmsgwms-collector-global.cern.ch:9620,cmsgwms-collector-global.fnal.gov:9620', 'crab3@vocms0195.cern.ch', 'F', '[]', 'T', '/store/user/apuglia', 'F', 'None', 'F', 'None', 'TTTo2J1L1Nu_CP5_13p6TeV_powheg-pythia8', 'None', '1e2ffc8f7c367ee8f52b9bccc99e2e81f8e286ba82b52660dc6d5012aeb19ccb.tar.gz', '116913439', 'F', '188.185.89.194', '0.0', 'None', '{"partialdataset": false, "requireaccelerator": false, "acceleratorparams": null, "inputblocks": null}', 'None', 'None', 'None', 'None', 'any']}
INFO 2025-03-14 13:50:34.612 UTC: 	 CRAB project directory:		/eos/home-a/apuglia/SWAN_projects/thesis/CMSSW_14_1_7/src/PhysicsTools/NanoAODTools/crab/crab_TTTo2J1L1Nu
INFO 2025-03-14 13:50:34.612 UTC: 	 Task name:			250314_114724:apuglia_crab_TTTo2J1L1Nu
INFO 2025-03-14 13:50:34.612 UTC: 	 Grid scheduler - Task Worker:	crab3@vocms0195.cern.ch - crab-prod-tw01
INFO 2025-03-14 13:50:34.612 UTC: 	 Status on the CRAB server:	SUBMITTED
INFO 2025-03-14 13:50:34.612 UTC: 	 Task URL to use for HELP:	https://cmsweb.cern.ch/crabserver/ui/task/250314_114724%3Aapuglia_crab_TTTo2J1L1Nu
INFO 2025-03-14 13:50:34.620 UTC: 	 Dashboard monitoring URL:	https://monit-grafana.cern.ch/d/cmsTMDetail/cms-task-monitoring-task-view?orgId=11&var-user=apuglia&var-task=250314_114724%3Aapuglia_crab_TTTo2J1L1Nu&from=1741949244000&to=now
DEBUG 2025-03-14 13:50:34.620 UTC: 	 The CRAB server submitted your task to the Grid scheduler (cluster ID: 116913439)
DEBUG 2025-03-14 13:50:34.620 UTC: 	 Webdir is located at http://vocms0195.cern.ch/mon/apuglia/250314_114724:apuglia_crab_TTTo2J1L1Nu
DEBUG 2025-03-14 13:50:34.620 UTC: 	 Encoded data for curl request: subresource=webdirprx&workflow=250314_114724%3Aapuglia_crab_TTTo2J1L1Nu
DEBUG 2025-03-14 13:50:34.712 UTC: 	 Proxied webdir is located at https://cmsweb.cern.ch:8443/scheddmon/0195/apuglia/250314_114724:apuglia_crab_TTTo2J1L1Nu
DEBUG 2025-03-14 13:50:34.733 UTC: 	 Retrieving 'status_cache' file from https://cmsweb.cern.ch:8443/scheddmon/0195/apuglia/250314_114724:apuglia_crab_TTTo2J1L1Nu/status_cache.pkl
DEBUG 2025-03-14 13:50:34.733 UTC: 	 Will execute:
curl -sS --capath /etc/grid-security/certificates --cert /tmp/x509up_u180940 --key /tmp/x509up_u180940 -o /tmp/crab_status-cache-7dokqkkk.pkl -w %"{http_code}" "https://cmsweb.cern.ch:8443/scheddmon/0195/apuglia/250314_114724:apuglia_crab_TTTo2J1L1Nu/status_cache.pkl"
DEBUG 2025-03-14 13:50:34.733 UTC: 	 Executing command :
 curl -sS --capath /etc/grid-security/certificates --cert /tmp/x509up_u180940 --key /tmp/x509up_u180940 -o /tmp/crab_status-cache-7dokqkkk.pkl -w %"{http_code}" "https://cmsweb.cern.ch:8443/scheddmon/0195/apuglia/250314_114724:apuglia_crab_TTTo2J1L1Nu/status_cache.pkl"
DEBUG 2025-03-14 13:50:34.772 UTC: 	 output : 200
 error: 
 retcode : 0
DEBUG 2025-03-14 13:50:34.772 UTC: 	 exitcode: 0
stdout: 200
stderr: 
error details: 
DEBUG 2025-03-14 13:50:34.773 UTC: 	 Got information from status cache file: {'10': {'Retries': 2, 'Restarts': 0, 'SiteHistory': ['Unknown', 'T1_FR_CCIN2P3', 'T1_FR_CCIN2P3', 'Unknown', 'T1_UK_RAL', 'T1_UK_RAL', 'T1_FR_CCIN2P3', 'T1_FR_CCIN2P3'], 'ResidentSetSize': [132428, 86912, 99164], 'SubmitTimes': [1741953020.0, 1741954411.0, 1741954880.0], 'StartTimes': [1741954204.0, 1741954674.0, 1741954979.0], 'EndTimes': [1741954303.0, 1741954744.0, 1741955161.0], 'TotalUserCpuTimeHistory': [16, 0, 32.0], 'TotalSysCpuTimeHistory': [0, 0, 1.0], 'WallDurations': [62.0, 75.8561646938324, 99.0, 70.0, 206.34319043159485, 206.34319043159485, 182.0, 201.65066075325012], 'JobIds': ['116913560.0', '116917886.0', '116918513.0'], 'State': 'failed', 'RecordedSite': True, 'Error': [50115, 'BadFWJRXML', {}]}, '12': {'Retries': 2, 'Restarts': 0, 'SiteHistory': ['Unknown', 'T1_FR_CCIN2P3', 'T1_FR_CCIN2P3', 'Unknown', 'T1_FR_CCIN2P3', 'T1_FR_CCIN2P3', 'T1_FR_CCIN2P3', 'T1_FR_CCIN2P3'], 'ResidentSetSize': [157416, 81824, 85092], 'SubmitTimes': [1741953021.0, 1741954400.0, 1741954878.0], 'StartTimes': [1741954206.0, 1741954668.0, 1741954946.0], 'EndTimes': [1741954306.0, 1741954740.0, 1741955063.0], 'TotalUserCpuTimeHistory': [11, 9, 9.0], 'TotalSysCpuTimeHistory': [1, 0, 0.0], 'WallDurations': [62.0, 73.8561646938324, 100.0, 72.0, 0, 117.0, 234.65066075325012, 234.65066075325012], 'JobIds': ['116913562.0', '116917877.0', '116918507.0'], 'State': 'failed', 'RecordedSite': True, 'Error': [50115, 'BadFWJRXML', {}]}, '4': {'Retries': 2, 'Restarts': 0, 'SiteHistory': ['Unknown', 'T1_FR_CCIN2P3', 'T1_FR_CCIN2P3', 'Unknown', 'T1_UK_RAL', 'T1_UK_RAL', 'T2_US_Caltech', 'T2_US_Caltech'], 'ResidentSetSize': [80056, 74148, 132744], 'SubmitTimes': [1741953022.0, 1741954436.0, 1741954949.0], 'StartTimes': [1741954210.0, 1741954679.0, 1741955209.0], 'EndTimes': [1741954338.0, 1741954778.0, 1741955352.0], 'TotalUserCpuTimeHistory': [53, 1, 20.0], 'TotalSysCpuTimeHistory': [1, 0, 0.0], 'WallDurations': [24.0, 69.8561646938324, 128.0, 99.0, 201.34319043159485, 201.34319043159485, 143.0, 271.984742641449], 'JobIds': ['116913564.0', '116917931.0', '116918647.0'], 'State': 'failed', 'RecordedSite': True, 'Error': [50115, 'BadFWJRXML', {}]}, '9': {'Retries': 2, 'Restarts': 0, 'SiteHistory': ['Unknown', 'T1_IT_CNAF', 'T1_IT_CNAF', 'Unknown', 'T1_UK_RAL', 'T1_UK_RAL', 'T1_FR_CCIN2P3', 'T1_FR_CCIN2P3'], 'ResidentSetSize': [89872, 72288, 43936], 'SubmitTimes': [1741953023.0, 1741954424.0, 1741954899.0], 'StartTimes': [1741954207.0, 1741954674.0, 1741954983.0], 'EndTimes': [1741954314.0, 1741954751.0, 1741955130.0], 'TotalUserCpuTimeHistory': [16, 3, 9.0], 'TotalSysCpuTimeHistory': [0, 0, 1.0], 'WallDurations': [9.0, 72.8561646938324, 107.0, 77.0, 206.34319043159485, 206.34319043159485, 147.0, 197.65066075325012], 'JobIds': ['116913568.0', '116917901.0', '116918546.0'], 'State': 'failed', 'RecordedSite': True, 'Error': [50115, 'BadFWJRXML', {}]}, '13': {'Retries': 2, 'Restarts': 0, 'SiteHistory': ['Unknown', 'T1_UK_RAL', 'T1_UK_RAL', 'Unknown', 'T1_UK_RAL', 'T1_UK_RAL', 'T1_FR_CCIN2P3', 'T1_FR_CCIN2P3'], 'ResidentSetSize': [49912, 64732, 114148], 'SubmitTimes': [1741953024.0, 1741954378.0, 1741954896.0], 'StartTimes': [1741954204.0, 1741954673.0, 1741954981.0], 'EndTimes': [1741954302.0, 1741954750.0, 1741955131.0], 'TotalUserCpuTimeHistory': [2, 3, 27.0], 'TotalSysCpuTimeHistory': [0, 0, 2.0], 'WallDurations': [61.0, 75.8561646938324, 98.0, 77.0, 207.34319043159485, 207.34319043159485, 150.0, 199.65066075325012], 'JobIds': ['116913572.0', '116917851.0', '116918542.0'], 'State': 'failed', 'RecordedSite': True, 'Error': [50115, 'BadFWJRXML', {}]}, '6': {'Retries': 2, 'Restarts': 0, 'SiteHistory': ['Unknown', 'T2_BE_IIHE', 'T2_BE_IIHE', 'T2_BE_IIHE', 'T2_BE_IIHE', 'T1_FR_CCIN2P3', 'T1_FR_CCIN2P3'], 'ResidentSetSize': [64480, 100112, 83596], 'SubmitTimes': [1741953025.0, 1741954311.0, 1741954691.0], 'StartTimes': [1741954145.0, 1741954344.0, 1741954755.0], 'EndTimes': [1741954209.0, 1741954541.0, 1741954852.0], 'TotalUserCpuTimeHistory': [2, 4, 5.0], 'TotalSysCpuTimeHistory': [0, 0, 0.0], 'WallDurations': [64.0, 134.8561646938324, 134.8561646938324, 197.0, 236.0788381099701, 97.0, 125.34319043159485], 'JobIds': ['116913577.0', '116917802.0', '116918227.0'], 'State': 'failed', 'RecordedSite': True}, '16': {'Retries': 2, 'Restarts': 0, 'SiteHistory': ['Unknown', 'T2_IT_Pisa', 'T2_IT_Pisa', 'T1_UK_RAL', 'T1_UK_RAL', 'T1_UK_RAL', 'T1_UK_RAL'], 'ResidentSetSize': [38536, 51648, 85748], 'SubmitTimes': [1741953032.0, 1741954310.0, 1741954582.0], 'StartTimes': [1741954146.0, 1741954336.0, 1741954667.0], 'EndTimes': [1741954209.0, 1741954444.0, 1741954745.0], 'TotalUserCpuTimeHistory': [8, 0, 8], 'TotalSysCpuTimeHistory': [0, 0, 0], 'WallDurations': [63.0, 133.8561646938324, 133.8561646938324, 108.0, 244.0788381099701, 78.0, 213.34319043159485], 'JobIds': ['116913592.0', '116917800.0', '116918078.0'], 'State': 'failed', 'RecordedSite': True, 'Error': [50115, 'BadFWJRXML', {}]}, '14': {'Retries': 2, 'Restarts': 0, 'SiteHistory': ['Unknown', 'T2_BE_UCL', 'T2_BE_UCL', 'Unknown', 'T1_FR_CCIN2P3', 'T1_FR_CCIN2P3', 'T1_FR_CCIN2P3', 'T1_FR_CCIN2P3'], 'ResidentSetSize': [51240, 88160, 86436], 'SubmitTimes': [1741953036.0, 1741954358.0, 1741954921.0], 'StartTimes': [1741954146.0, 1741954673.0, 1741954979.0], 'EndTimes': [1741954248.0, 1741954750.0, 1741955134.0], 'TotalUserCpuTimeHistory': [0, 2, 23.0], 'TotalSysCpuTimeHistory': [0, 0, 1.0], 'WallDurations': [102.0, 133.8561646938324, 133.8561646938324, 77.0, 207.34319043159485, 207.34319043159485, 155.0, 201.65066075325012], 'JobIds': ['116913594.0', '116917833.0', '116918577.0'], 'State': 'failed', 'RecordedSite': True, 'Error': [50115, 'BadFWJRXML', {}]}, '5': {'Retries': 2, 'Restarts': 0, 'SiteHistory': ['Unknown', 'T1_IT_CNAF', 'T1_IT_CNAF', 'Unknown', 'T1_UK_RAL', 'T1_UK_RAL', 'T2_US_Caltech', 'T2_US_Caltech'], 'ResidentSetSize': [97916, 93300, 321612], 'SubmitTimes': [1741953050.0, 1741954434.0, 1741954934.0], 'StartTimes': [1741954239.0, 1741954673.0, 1741955190.0], 'EndTimes': [1741954333.0, 1741954758.0, 1741955366.0], 'TotalUserCpuTimeHistory': [9, 9, 10.0], 'TotalSysCpuTimeHistory': [0, 0, 0.0], 'WallDurations': [9.0, 40.8561646938324, 94.0, 85.0, 207.34319043159485, 207.34319043159485, 176.0, 290.984742641449], 'JobIds': ['116913602.0', '116917925.0', '116918617.0'], 'State': 'failed', 'RecordedSite': True, 'Error': [50115, 'BadFWJRXML', {}]}, '11': {'Retries': 2, 'Restarts': 0, 'SiteHistory': ['Unknown', 'T1_UK_RAL', 'T1_UK_RAL', 'Unknown', 'T1_FR_CCIN2P3', 'T1_FR_CCIN2P3', 'T1_FR_CCIN2P3', 'T1_FR_CCIN2P3'], 'ResidentSetSize': [98816, 290436, 81356], 'SubmitTimes': [1741953057.0, 1741954377.0, 1741954958.0], 'StartTimes': [1741954205.0, 1741954668.0, 1741955198.0], 'EndTimes': [1741954301.0, 1741954786.0, 1741955330.0], 'TotalUserCpuTimeHistory': [5, 40, 9.0], 'TotalSysCpuTimeHistory': [0, 2, 1.0], 'WallDurations': [60.0, 74.8561646938324, 96.0, 118.0, 212.34319043159485, 212.34319043159485, 132.0, 282.984742641449], 'JobIds': ['116913609.0', '116917848.0', '116918655.0'], 'State': 'failed', 'RecordedSite': True, 'Error': [50115, 'BadFWJRXML', {}]}, '1': {'Retries': 2, 'Restarts': 0, 'SiteHistory': ['Unknown', 'T1_IT_CNAF', 'T1_IT_CNAF', 'T1_UK_RAL', 'T1_UK_RAL', 'Unknown', 'T2_US_Caltech', 'T2_US_Caltech'], 'ResidentSetSize': [114748, 51100, 101104], 'SubmitTimes': [1741953058.0, 1741954435.0, 1741954715.0], 'StartTimes': [1741954210.0, 1741954465.0, 1741954897.0], 'EndTimes': [1741954338.0, 1741954568.0, 1741954995.0], 'TotalUserCpuTimeHistory': [26, 3, 3.0], 'TotalSysCpuTimeHistory': [1, 0, 0.0], 'WallDurations': [21.0, 69.8561646938324, 128.0, 103.0, 115.07883810997009, 98.0, 283.6506607532501, 283.6506607532501], 'JobIds': ['116913613.0', '116917928.0', '116918256.0'], 'State': 'failed', 'RecordedSite': True, 'Error': [50115, 'BadFWJRXML', {}]}, '2': {'Retries': 2, 'Restarts': 0, 'SiteHistory': ['Unknown', 'T2_IT_Pisa', 'T2_IT_Pisa', 'Unknown', 'T1_UK_RAL', 'T1_UK_RAL', 'T2_US_Caltech', 'T2_US_Caltech'], 'ResidentSetSize': [4072, 103452, 96820], 'SubmitTimes': [1741953060.0, 1741954342.0, 1741954932.0], 'StartTimes': [1741954160.0, 1741954674.0, 1741955320.0], 'EndTimes': [1741954250.0, 1741954759.0, 1741955543.0], 'TotalUserCpuTimeHistory': [0, 0, 10.0], 'TotalSysCpuTimeHistory': [0, 0, 0.0], 'WallDurations': [90.0, 119.8561646938324, 119.8561646938324, 85.0, 206.34319043159485, 206.34319043159485, 140.0, 223.0], 'JobIds': ['116913616.0', '116917823.0', '116918596.0'], 'State': 'failed', 'RecordedSite': True, 'Error': [50115, 'BadFWJRXML', {}]}, '3': {'Retries': 2, 'Restarts': 0, 'SiteHistory': ['Unknown', 'T2_IT_Pisa', 'T2_IT_Pisa', 'Unknown', 'T1_UK_RAL', 'T1_UK_RAL', 'T1_UK_RAL', 'T1_UK_RAL'], 'ResidentSetSize': [24216, 82820, 43588], 'SubmitTimes': [1741953061.0, 1741954368.0, 1741954905.0], 'StartTimes': [1741954147.0, 1741954673.0, 1741954983.0], 'EndTimes': [1741954249.0, 1741954750.0, 1741955134.0], 'TotalUserCpuTimeHistory': [3, 3, 1.0], 'TotalSysCpuTimeHistory': [0, 0, 0.0], 'WallDurations': [102.0, 132.8561646938324, 132.8561646938324, 77.0, 207.34319043159485, 207.34319043159485, 151.0, 197.65066075325012], 'JobIds': ['116913619.0', '116917840.0', '116918561.0'], 'State': 'failed', 'RecordedSite': True, 'Error': [50115, 'BadFWJRXML', {}]}, '7': {'Retries': 2, 'Restarts': 0, 'SiteHistory': ['Unknown', 'T2_BE_IIHE', 'T2_BE_IIHE', 'Unknown', 'T1_UK_RAL', 'T1_UK_RAL', 'T2_US_Caltech', 'T2_US_Caltech'], 'ResidentSetSize': [108920, 64536, 87780], 'SubmitTimes': [1741953068.0, 1741954437.0, 1741954936.0], 'StartTimes': [1741954145.0, 1741954674.0, 1741955017.0], 'EndTimes': [1741954335.0, 1741954751.0, 1741955205.0], 'TotalUserCpuTimeHistory': [1, 3, 7.0], 'TotalSysCpuTimeHistory': [0, 0, 0.0], 'WallDurations': [9.0, 134.8561646938324, 190.0, 77.0, 206.34319043159485, 206.34319043159485, 61.0, 188.0], 'JobIds': ['116913634.0', '116917934.0', '116918622.0'], 'State': 'failed', 'RecordedSite': True, 'Error': [50115, 'BadFWJRXML', {}]}, '8': {'Retries': 2, 'Restarts': 0, 'SiteHistory': ['Unknown', 'T1_IT_CNAF', 'T1_IT_CNAF', 'Unknown', 'T1_UK_RAL', 'T1_UK_RAL', 'T1_IT_CNAF', 'T1_IT_CNAF'], 'ResidentSetSize': [106236, 97768, 90904], 'SubmitTimes': [1741953069.0, 1741954428.0, 1741954936.0], 'StartTimes': [1741954207.0, 1741954674.0, 1741954983.0], 'EndTimes': [1741954324.0, 1741954757.0, 1741955195.0], 'TotalUserCpuTimeHistory': [15, 0, 9.0], 'TotalSysCpuTimeHistory': [0, 0, 0.0], 'WallDurations': [8.0, 72.8561646938324, 117.0, 83.0, 206.34319043159485, 206.34319043159485, 85.0, 212.0], 'JobIds': ['116913637.0', '116917907.0', '116918623.0'], 'State': 'failed', 'RecordedSite': True, 'Error': [50115, 'BadFWJRXML', {}]}, '15': {'Retries': 2, 'Restarts': 0, 'SiteHistory': ['Unknown', 'T2_IT_Pisa', 'T2_IT_Pisa', 'Unknown', 'T1_FR_CCIN2P3', 'T1_FR_CCIN2P3', 'T1_UK_RAL', 'T1_UK_RAL'], 'ResidentSetSize': [4068, 118080, 41368], 'SubmitTimes': [1741953070.0, 1741954346.0, 1741954932.0], 'StartTimes': [1741954147.0, 1741954673.0, 1741954983.0], 'EndTimes': [1741954248.0, 1741954754.0, 1741955134.0], 'TotalUserCpuTimeHistory': [1, 27, 1.0], 'TotalSysCpuTimeHistory': [0, 2, 0.0], 'WallDurations': [101.0, 132.8561646938324, 132.8561646938324, 81.0, 207.34319043159485, 207.34319043159485, 151.0, 197.65066075325012], 'JobIds': ['116913643.0', '116917827.0', '116918600.0'], 'State': 'failed', 'RecordedSite': True, 'Error': [50115, 'BadFWJRXML', {}]}, '17': {'Retries': 2, 'Restarts': 0, 'SiteHistory': ['Unknown', 'T2_IT_Pisa', 'T2_IT_Pisa', 'Unknown', 'T1_FR_CCIN2P3', 'T1_FR_CCIN2P3', 'T2_US_Nebraska', 'T2_US_Nebraska'], 'ResidentSetSize': [53432, 93780, 82888], 'SubmitTimes': [1741953071.0, 1741954334.0, 1741954937.0], 'StartTimes': [1741954147.0, 1741954668.0, 1741955185.0], 'EndTimes': [1741954243.0, 1741954779.0, 1741955328.0], 'TotalUserCpuTimeHistory': [5, 26, 1.0], 'TotalSysCpuTimeHistory': [0, 1, 0.0], 'WallDurations': [96.0, 132.8561646938324, 132.8561646938324, 111.0, 212.34319043159485, 212.34319043159485, 143.0, 295.984742641449], 'JobIds': ['116913646.0', '116917819.0', '116918629.0'], 'State': 'failed', 'RecordedSite': True, 'Error': [50115, 'BadFWJRXML', {}]}, '18': {'Retries': 2, 'Restarts': 0, 'SiteHistory': ['Unknown', 'T2_IT_Pisa', 'T2_IT_Pisa', 'Unknown', 'T1_FR_CCIN2P3', 'T1_FR_CCIN2P3', 'T1_FR_CCIN2P3', 'T1_FR_CCIN2P3'], 'ResidentSetSize': [207540, 82932, 297684], 'SubmitTimes': [1741953073.0, 1741954388.0, 1741954932.0], 'StartTimes': [1741954154.0, 1741954674.0, 1741954983.0], 'EndTimes': [1741954303.0, 1741954751.0, 1741955134.0], 'TotalUserCpuTimeHistory': [2, 6, 9.0], 'TotalSysCpuTimeHistory': [0, 0, 0.0], 'WallDurations': [112.0, 125.8561646938324, 149.0, 77.0, 206.34319043159485, 206.34319043159485, 151.0, 197.65066075325012], 'JobIds': ['116913650.0', '116917867.0', '116918591.0'], 'State': 'failed', 'RecordedSite': True, 'Error': [50115, 'BadFWJRXML', {}]}, '19': {'Retries': 2, 'Restarts': 0, 'SiteHistory': ['Unknown', 'T2_IT_Pisa', 'T2_IT_Pisa', 'T1_FR_CCIN2P3', 'T1_FR_CCIN2P3', 'T1_FR_CCIN2P3', 'T1_FR_CCIN2P3'], 'ResidentSetSize': [4080, 92512, 82756], 'SubmitTimes': [1741953083.0, 1741954332.0, 1741954660.0], 'StartTimes': [1741954147.0, 1741954359.0, 1741954840.0], 'EndTimes': [1741954247.0, 1741954515.0, 1741954933.0], 'TotalUserCpuTimeHistory': [12, 66, 11.0], 'TotalSysCpuTimeHistory': [0, 4, 0.0], 'WallDurations': [100.0, 132.8561646938324, 132.8561646938324, 156.0, 221.0788381099701, 9.0, 93.0], 'JobIds': ['116913659.0', '116917815.0', '116918179.0'], 'State': 'failed', 'RecordedSite': True, 'Error': [50115, 'BadFWJRXML', {}]}, '20': {'Retries': 2, 'Restarts': 0, 'SiteHistory': ['Unknown', 'T1_FR_CCIN2P3', 'T1_FR_CCIN2P3', 'Unknown', 'T1_UK_RAL', 'T1_UK_RAL', 'T1_FR_CCIN2P3', 'T1_FR_CCIN2P3'], 'ResidentSetSize': [72712, 45344, 79920], 'SubmitTimes': [1741953085.0, 1741954413.0, 1741954910.0], 'StartTimes': [1741954207.0, 1741954674.0, 1741954981.0], 'EndTimes': [1741954303.0, 1741954752.0, 1741955131.0], 'TotalUserCpuTimeHistory': [0, 3, 1.0], 'TotalSysCpuTimeHistory': [0, 0, 0.0], 'WallDurations': [60.0, 72.8561646938324, 96.0, 78.0, 206.34319043159485, 206.34319043159485, 150.0, 199.65066075325012], 'JobIds': ['116913661.0', '116917893.0', '116918566.0'], 'State': 'failed', 'RecordedSite': True, 'Error': [50115, 'BadFWJRXML', {}]}, '21': {'Retries': 2, 'Restarts': 0, 'SiteHistory': ['Unknown', 'T1_UK_RAL', 'T1_UK_RAL', 'Unknown', 'T1_FR_CCIN2P3', 'T1_FR_CCIN2P3', 'T1_FR_CCIN2P3', 'T1_FR_CCIN2P3'], 'ResidentSetSize': [51052, 75284, 294856], 'SubmitTimes': [1741953105.0, 1741954426.0, 1741954925.0], 'StartTimes': [1741954234.0, 1741954674.0, 1741954981.0], 'EndTimes': [1741954324.0, 1741954751.0, 1741955132.0], 'TotalUserCpuTimeHistory': [1, 6, 12.0], 'TotalSysCpuTimeHistory': [0, 0, 0.0], 'WallDurations': [9.0, 45.8561646938324, 90.0, 77.0, 206.34319043159485, 206.34319043159485, 151.0, 199.65066075325012], 'JobIds': ['116913670.0', '116917904.0', '116918581.0'], 'State': 'failed', 'RecordedSite': True, 'Error': [50115, 'BadFWJRXML', {}]}, '22': {'Retries': 2, 'Restarts': 0, 'SiteHistory': ['Unknown', 'T1_FR_CCIN2P3', 'T1_FR_CCIN2P3', 'Unknown', 'T1_UK_RAL', 'T1_UK_RAL', 'T2_US_Florida', 'T2_US_Florida'], 'ResidentSetSize': [77752, 119528, 108004], 'SubmitTimes': [1741953115.0, 1741954416.0, 1741954947.0], 'StartTimes': [1741954206.0, 1741954673.0, 1741955207.0], 'EndTimes': [1741954304.0, 1741954779.0, 1741955348.0], 'TotalUserCpuTimeHistory': [3, 2, 0.0], 'TotalSysCpuTimeHistory': [0, 0, 0.0], 'WallDurations': [61.0, 73.8561646938324, 98.0, 106.0, 207.34319043159485, 207.34319043159485, 141.0, 273.984742641449], 'JobIds': ['116913678.0', '116917897.0', '116918642.0'], 'State': 'failed', 'RecordedSite': True, 'Error': [50115, 'BadFWJRXML', {}]}, '23': {'Retries': 2, 'Restarts': 0, 'SiteHistory': ['Unknown', 'T1_UK_RAL', 'T1_UK_RAL', 'Unknown', 'T1_UK_RAL', 'T1_UK_RAL', 'T2_US_Caltech', 'T2_US_Caltech'], 'ResidentSetSize': [45784, 111712, 139652], 'SubmitTimes': [1741953115.0, 1741954380.0, 1741954945.0], 'StartTimes': [1741954205.0, 1741954671.0, 1741955186.0], 'EndTimes': [1741954301.0, 1741954779.0, 1741955328.0], 'TotalUserCpuTimeHistory': [4, 2, 10.0], 'TotalSysCpuTimeHistory': [0, 0, 0.0], 'WallDurations': [61.0, 74.8561646938324, 96.0, 108.0, 209.34319043159485, 209.34319043159485, 142.0, 294.984742641449], 'JobIds': ['116913684.0', '116917853.0', '116918637.0'], 'State': 'failed', 'RecordedSite': True, 'Error': [50115, 'BadFWJRXML', {}]}, '24': {'Retries': 2, 'Restarts': 0, 'SiteHistory': ['Unknown', 'T1_UK_RAL', 'T1_UK_RAL', 'Unknown', 'T1_UK_RAL', 'T1_UK_RAL', 'T1_FR_CCIN2P3', 'T1_FR_CCIN2P3'], 'ResidentSetSize': [32440, 79344, 98380], 'SubmitTimes': [1741953116.0, 1741954392.0, 1741954897.0], 'StartTimes': [1741954206.0, 1741954669.0, 1741954981.0], 'EndTimes': [1741954305.0, 1741954747.0, 1741955134.0], 'TotalUserCpuTimeHistory': [6, 4, 1.0], 'TotalSysCpuTimeHistory': [0, 0, 0.0], 'WallDurations': [61.0, 73.8561646938324, 99.0, 78.0, 211.34319043159485, 211.34319043159485, 153.0, 199.65066075325012], 'JobIds': ['116913691.0', '116917873.0', '116918543.0'], 'State': 'failed', 'RecordedSite': True, 'Error': [50115, 'BadFWJRXML', {}]}, '25': {'Retries': 2, 'Restarts': 0, 'SiteHistory': ['Unknown', 'T2_DE_RWTH', 'T2_DE_RWTH', 'Unknown', 'T1_FR_CCIN2P3', 'T1_FR_CCIN2P3', 'T1_FR_CCIN2P3', 'T1_FR_CCIN2P3'], 'ResidentSetSize': [136156, 92172, 82436], 'SubmitTimes': [1741953117.0, 1741954367.0, 1741954933.0], 'StartTimes': [1741954148.0, 1741954673.0, 1741954995.0], 'EndTimes': [1741954248.0, 1741954759.0, 1741955158.0], 'TotalUserCpuTimeHistory': [9, 33, 5.0], 'TotalSysCpuTimeHistory': [0, 2, 0.0], 'WallDurations': [100.0, 131.8561646938324, 131.8561646938324, 86.0, 207.34319043159485, 207.34319043159485, 163.0, 185.65066075325012], 'JobIds': ['116913697.0', '116917839.0', '116918605.0'], 'State': 'failed', 'RecordedSite': True, 'Error': [50115, 'BadFWJRXML', {}]}, '26': {'Retries': 2, 'Restarts': 0, 'SiteHistory': ['Unknown', 'T1_UK_RAL', 'T1_UK_RAL', 'Unknown', 'T1_FR_CCIN2P3', 'T1_FR_CCIN2P3', 'T1_FR_CCIN2P3', 'T1_FR_CCIN2P3'], 'ResidentSetSize': [70208, 45788, 45924], 'SubmitTimes': [1741953118.0, 1741954404.0, 1741954897.0], 'StartTimes': [1741954207.0, 1741954674.0, 1741954982.0], 'EndTimes': [1741954303.0, 1741954750.0, 1741955133.0], 'TotalUserCpuTimeHistory': [1, 0, 1.0], 'TotalSysCpuTimeHistory': [0, 0, 0.0], 'WallDurations': [61.0, 72.8561646938324, 96.0, 76.0, 206.34319043159485, 206.34319043159485, 151.0, 198.65066075325012], 'JobIds': ['116913703.0', '116917882.0', '116918544.0'], 'State': 'failed', 'RecordedSite': True, 'Error': [50115, 'BadFWJRXML', {}]}, '27': {'Retries': 2, 'Restarts': 0, 'SiteHistory': ['Unknown', 'T1_FR_CCIN2P3', 'T1_FR_CCIN2P3', 'Unknown', 'T1_UK_RAL', 'T1_UK_RAL', 'T1_FR_CCIN2P3', 'T1_FR_CCIN2P3'], 'ResidentSetSize': [41100, 79876, 115828], 'SubmitTimes': [1741953119.0, 1741954387.0, 1741954889.0], 'StartTimes': [1741954206.0, 1741954669.0, 1741954982.0], 'EndTimes': [1741954303.0, 1741954744.0, 1741955154.0], 'TotalUserCpuTimeHistory': [0, 5, 14.0], 'TotalSysCpuTimeHistory': [0, 0, 1.0], 'WallDurations': [61.0, 73.8561646938324, 97.0, 75.0, 211.34319043159485, 211.34319043159485, 172.0, 198.65066075325012], 'JobIds': ['116913708.0', '116917865.0', '116918527.0'], 'State': 'failed', 'RecordedSite': True, 'Error': [50115, 'BadFWJRXML', {}]}, '28': {'Retries': 2, 'Restarts': 0, 'SiteHistory': ['Unknown', 'T2_BE_UCL', 'T2_BE_UCL', 'Unknown', 'T1_UK_RAL', 'T1_UK_RAL', 'T1_FR_CCIN2P3', 'T1_FR_CCIN2P3'], 'ResidentSetSize': [111520, 75780, 83064], 'SubmitTimes': [1741953120.0, 1741954386.0, 1741954888.0], 'StartTimes': [1741954148.0, 1741954669.0, 1741954980.0], 'EndTimes': [1741954301.0, 1741954743.0, 1741955132.0], 'TotalUserCpuTimeHistory': [1, 2, 8.0], 'TotalSysCpuTimeHistory': [0, 0, 0.0], 'WallDurations': [113.0, 131.8561646938324, 153.0, 74.0, 211.34319043159485, 211.34319043159485, 152.0, 200.65066075325012], 'JobIds': ['116913716.0', '116917861.0', '116918523.0'], 'State': 'failed', 'RecordedSite': True, 'Error': [50115, 'BadFWJRXML', {}]}, '29': {'Retries': 2, 'Restarts': 0, 'SiteHistory': ['Unknown', 'T1_ES_PIC', 'T1_ES_PIC', 'T1_UK_RAL', 'T1_UK_RAL', 'T1_FR_CCIN2P3', 'T1_FR_CCIN2P3'], 'ResidentSetSize': [132096, 76332, 96680], 'SubmitTimes': [1741953129.0, 1741954537.0, 1741954806.0], 'StartTimes': [1741954320.0, 1741954591.0, 1741954882.0], 'EndTimes': [1741954453.0, 1741954659.0, 1741954978.0], 'TotalUserCpuTimeHistory': [7, 9, 6.0], 'TotalSysCpuTimeHistory': [0, 0, 0.0], 'WallDurations': [0, 133.0, 0, 68.0, 0, 96.0, 298.6506607532501], 'JobIds': ['116913722.0', '116918034.0', '116918417.0'], 'State': 'failed', 'RecordedSite': True, 'Error': [50115, 'BadFWJRXML', {}]}, '30': {'Retries': 2, 'Restarts': 0, 'SiteHistory': ['Unknown', 'T1_ES_PIC', 'T1_ES_PIC', 'Unknown', 'T1_UK_RAL', 'T1_UK_RAL', 'T1_ES_PIC', 'T1_ES_PIC'], 'ResidentSetSize': [90156, 76188, 133676], 'SubmitTimes': [1741953140.0, 1741954412.0, 1741954908.0], 'StartTimes': [1741954209.0, 1741954676.0, 1741954992.0], 'EndTimes': [1741954306.0, 1741954755.0, 1741955151.0], 'TotalUserCpuTimeHistory': [13, 5, 26.0], 'TotalSysCpuTimeHistory': [2, 0, 0.0], 'WallDurations': [61.0, 70.8561646938324, 97.0, 79.0, 204.34319043159485, 204.34319043159485, 159.0, 188.65066075325012], 'JobIds': ['116913732.0', '116917889.0', '116918564.0'], 'State': 'failed', 'RecordedSite': True}, '31': {'Retries': 2, 'Restarts': 0, 'SiteHistory': ['Unknown', 'T1_ES_PIC', 'T1_ES_PIC', 'Unknown', 'T1_UK_RAL', 'T1_UK_RAL', 'T2_US_Purdue', 'T2_US_Purdue'], 'ResidentSetSize': [100096, 99796, 85028], 'SubmitTimes': [1741953133.0, 1741954440.0, 1741954934.0], 'StartTimes': [1741954237.0, 1741954674.0, 1741955184.0], 'EndTimes': [1741954338.0, 1741954759.0, 1741955329.0], 'TotalUserCpuTimeHistory': [22, 0, 0.0], 'TotalSysCpuTimeHistory': [1, 0, 0.0], 'WallDurations': [9.0, 42.8561646938324, 101.0, 85.0, 206.34319043159485, 206.34319043159485, 145.0, 296.984742641449], 'JobIds': ['116913727.0', '116917939.0', '116918611.0'], 'State': 'failed', 'RecordedSite': True, 'Error': [50115, 'BadFWJRXML', {}]}}
INFO 2025-03-14 13:50:34.773 UTC: 	 Status on the scheduler:	FAILED
INFO 2025-03-14 13:50:34.773 UTC: 	 
Jobs status:                    failed       		100.0% (31/31)
INFO 2025-03-14 13:50:34.773 UTC: 	 
No publication information (publication has been disabled in the CRAB configuration file)
INFO 2025-03-14 13:50:34.774 UTC: 	 
Error Summary:

29 jobs failed with exit code 50115:

	29 jobs failed with following error message: (for example, job 1)

		BadFWJRXML

Could not find exit code details for 2 jobs.

Have a look at https://twiki.cern.ch/twiki/bin/viewauth/CMSPublic/JobExitCodes for a description of the exit codes.
INFO 2025-03-14 13:50:34.774 UTC: 	 
Warning: the max jobs runtime is less than 30% of the task requested value (2700 min), please consider to request a lower value for failed jobs (allowed through crab resubmit) and/or improve the jobs splitting (e.g. config.Data.splitting = 'Automatic') in a new task.
INFO 2025-03-14 13:50:34.774 UTC: 	 
Warning: the average jobs CPU efficiency is less than 50%, please consider to improve the jobs splitting (e.g. config.Data.splitting = 'Automatic') in a new task
INFO 2025-03-14 13:50:34.775 UTC: 	 
Summary of run jobs:
 * Memory: 80MB min, 314MB max, 108MB ave
 * Runtime: 0:01:33 min, 0:04:58 max, 0:03:40 ave
 * CPU eff: 0% min, 16% max, 4% ave
 * Waste: 7:28:59 (80% of total)

INFO 2025-03-14 13:50:34.785 UTC: 	 Log file is /eos/home-a/apuglia/SWAN_projects/thesis/CMSSW_14_1_7/src/PhysicsTools/NanoAODTools/crab/crab_TTTo2J1L1Nu/crab.log
DEBUG 2025-03-14 14:04:33.184 UTC: 	 CRAB Client version: v3.250217
DEBUG 2025-03-14 14:04:33.185 UTC: 	 Running on: Linux lxplus981.cern.ch 5.14.0-503.26.1.el9_5.x86_64 #1 SMP PREEMPT_DYNAMIC Mon Feb 10 05:23:56 EST 2025 x86_64 x86_64 x86_64 GNU/Linux
DEBUG 2025-03-14 14:04:33.185 UTC: 	 Not using Singularity
DEBUG 2025-03-14 14:04:33.185 UTC: 	 Operating System: Red Hat Enterprise Linux 9.5 (Plow)
DEBUG 2025-03-14 14:04:33.185 UTC: 	 Executing command: 'status'
DEBUG 2025-03-14 14:04:33.185 UTC: 	 Found CRAB cache file /afs/cern.ch/user/a/apuglia/.crab3
DEBUG 2025-03-14 14:04:33.195 UTC: 	 Checking credentials
DEBUG 2025-03-14 14:04:33.195 UTC: 	 Found proxy file /tmp/x509up_u180940
DEBUG 2025-03-14 14:04:33.195 UTC: 	 Making sure it has proper VOMS extension
DEBUG 2025-03-14 14:04:33.195 UTC: 	 Executing command :
 voms-proxy-info --vo --file /tmp/x509up_u180940
DEBUG 2025-03-14 14:04:33.924 UTC: 	 output : cms

 error: 
 retcode : 0
DEBUG 2025-03-14 14:04:33.924 UTC: 	 Getting proxy life time left
DEBUG 2025-03-14 14:04:33.924 UTC: 	 Executing command :
 voms-proxy-info --actimeleft --timeleft --file /tmp/x509up_u180940
DEBUG 2025-03-14 14:04:34.330 UTC: 	 output : 688831
688830

 error: 
 retcode : 0
DEBUG 2025-03-14 14:04:34.330 UTC: 	 Proxy valid for 191:20:30 hours
DEBUG 2025-03-14 14:04:34.331 UTC: 	 Encoded data for curl request: subresource=delegatedn
DEBUG 2025-03-14 14:04:34.416 UTC: 	 Registering user credentials on myproxy for /DC=ch/DC=cern/OU=computers/CN=crab-(preprod|prod)-tw(01|02).cern.ch|/DC=ch/DC=cern/OU=computers/CN=crab-dev-tw(01|02|03|04).cern.ch|/DC=ch/DC=cern/OU=Organic Units/OU=Users/CN=cmscrab/CN=(817881|373708)/CN=Robot: cms crab|/DC=ch/DC=cern/OU=Organic Units/OU=Users/CN=crabint1/CN=373708/CN=Robot: CMS CRAB Integration 1
DEBUG 2025-03-14 14:04:34.416 UTC: 	 Executing command :
 voms-proxy-info --identity --file /tmp/x509up_u180940
DEBUG 2025-03-14 14:04:34.818 UTC: 	 output : /DC=ch/DC=cern/OU=Organic Units/OU=Users/CN=apuglia/CN=885270/CN=Andrea Camilla Puglia

 error: 
 retcode : 0
DEBUG 2025-03-14 14:04:34.819 UTC: 	 Getting myproxy life time left for bbb60dc5a44802d56653e3a555244abd1d126f21
DEBUG 2025-03-14 14:04:34.819 UTC: 	 Executing command :
 myproxy-info -s myproxy.cern.ch -l bbb60dc5a44802d56653e3a555244abd1d126f21
DEBUG 2025-03-14 14:04:35.147 UTC: 	 output : username: bbb60dc5a44802d56653e3a555244abd1d126f21
owner: /DC=ch/DC=cern/OU=Organic Units/OU=Users/CN=apuglia/CN=885270/CN=Andrea Camilla Puglia
  renewal policy: /DC=ch/DC=cern/OU=computers/CN=crab-(preprod|prod)-tw(01|02).cern.ch|/DC=ch/DC=cern/OU=computers/CN=crab-dev-tw(01|02|03|04).cern.ch|/DC=ch/DC=cern/OU=Organic Units/OU=Users/CN=cmscrab/CN=(817881|373708)/CN=Robot: cms crab|/DC=ch/DC=cern/OU=Organic Units/OU=Users/CN=crabint1/CN=373708/CN=Robot: CMS CRAB Integration 1
  trusted retrieval policy: /DC=ch/DC=cern/OU=computers/CN=crab-(preprod|prod)-tw(01|02).cern.ch|/DC=ch/DC=cern/OU=computers/CN=crab-dev-tw(01|02|03|04).cern.ch|/DC=ch/DC=cern/OU=Organic Units/OU=Users/CN=cmscrab/CN=(817881|373708)/CN=Robot: cms crab|/DC=ch/DC=cern/OU=Organic Units/OU=Users/CN=crabint1/CN=373708/CN=Robot: CMS CRAB Integration 1
  timeleft: 704:29:32  (29.4 days)

 error: 
 retcode : 0
DEBUG 2025-03-14 14:04:35.148 UTC: 	 Myproxy is valid: 2536140
DEBUG 2025-03-14 14:04:35.148 UTC: 	 Result of myproxy credential check:
  Credential exists on myproxy: username: bbb60dc5a44802d56653e3a555244abd1d126f21  - validity: 29 days, 8:29:00
DEBUG 2025-03-14 14:04:35.148 UTC: 	 Retrieving username ...
DEBUG 2025-03-14 14:04:35.148 UTC: 	 Retrieving username from CRIC...
DEBUG 2025-03-14 14:04:35.870 UTC: 	 username is apuglia
INFO 2025-03-14 14:04:36.366 UTC: 	 Rucio client intialized for account apuglia
DEBUG 2025-03-14 14:04:36.367 UTC: 	 Command use: status
DEBUG 2025-03-14 14:04:36.367 UTC: 	 Options use: ['-d', './crab_TTTo2J1L1Nu', '--verboseErrors']
DEBUG 2025-03-14 14:04:36.367 UTC: 	 Encoded data for curl request: subresource=version
DEBUG 2025-03-14 14:04:36.462 UTC: 	 CRABClient version: v3.250217
DEBUG 2025-03-14 14:04:36.462 UTC: 	 Instance is prod
DEBUG 2025-03-14 14:04:36.462 UTC: 	 Server base url is cmsweb.cern.ch
DEBUG 2025-03-14 14:04:36.462 UTC: 	 Command api workflow
DEBUG 2025-03-14 14:04:36.462 UTC: 	 Encoded data for curl request: subresource=search&workflow=250314_114724%3Aapuglia_crab_TTTo2J1L1Nu
DEBUG 2025-03-14 14:04:36.690 UTC: 	 Got information from server oracle database: {'desc': {'columns': ['tm_taskname', 'tm_activity', 'tm_task_status', 'tm_task_command', 'tm_start_time', 'tm_start_injection', 'tm_end_injection', 'tm_task_failure', 'tm_job_sw', 'tm_job_arch', 'tm_input_dataset', 'tm_nonvalid_input_dataset', 'tm_use_parent', 'tm_site_whitelist', 'tm_site_blacklist', 'tm_split_algo', 'tm_split_args', 'tm_user_sandbox', 'tm_cache_url', 'tm_username', 'tm_user_dn', 'tm_user_vo', 'tm_user_role', 'tm_user_group', 'tm_publish_name', 'tm_publish_groupname', 'tm_asyncdest', 'tm_dbs_url', 'tm_publish_dbs_url', 'tm_publication', 'tm_outfiles', 'tm_tfile_outfiles', 'tm_edm_outfiles', 'tm_job_type', 'tm_generator', 'tm_events_per_lumi', 'tm_arguments', 'tm_save_logs', 'tw_name', 'tm_user_infiles', 'tm_maxjobruntime', 'tm_numcores', 'tm_maxmemory', 'tm_priority', 'tm_output_dataset', 'tm_task_warnings', 'tm_user_webdir', 'tm_scriptexe', 'tm_scriptargs', 'tm_extrajdl', 'tm_collector', 'tm_schedd', 'tm_dry_run', 'tm_user_files', 'tm_transfer_outputs', 'tm_output_lfn', 'tm_ignore_locality', 'tm_fail_limit', 'tm_one_event_mode', 'tm_secondary_input_dataset', 'tm_primary_dataset', 'tm_last_publication', 'tm_debug_files', 'clusterid', 'tm_ignore_global_blacklist', 'tm_submitter_ip_addr', 'tm_totalunits', 'tm_ddm_reqid', 'tm_user_config', 'tm_transfer_container', 'tm_transfer_rule', 'tm_publish_rule', 'tm_multipub_rule', 'tm_job_min_microarch']}, 'result': ['250314_114724:apuglia_crab_TTTo2J1L1Nu', 'None', 'SUBMITTED', 'SUBMIT', '2025-03-14 11:47:24.982789', 'None', '2025-03-14 11:48:45.495442', 'None', 'CMSSW_14_1_7', 'el9_amd64_gcc12', '/TTTo2J1L1Nu_CP5_13p6TeV_powheg-pythia8/Run3Winter22NanoAOD-122X_mcRun3_2021_realistic_v9-v1/NANOAODSIM', 'T', '0', '[]', '[]', 'FileBased', "{'halt_job_on_file_boundaries': False, 'splitOnRun': False, 'files_per_job': 2000, 'runs': [], 'lumis': []}", 'f62c3b485e24d7086099cd225b0d39e10cca5ad0996e59f5b90113b11d41dc1b.tar.gz', 'https://cmsweb.cern.ch/S3/crabcache_prod', 'apuglia', '/DC=ch/DC=cern/OU=Organic Units/OU=Users/CN=apuglia/CN=885270/CN=Andrea Camilla Puglia', 'cms', 'None', 'None', 'TTTo2J1L1Nu-00000000000000000000000000000000', 'F', 'T2_IT_Pisa', 'https://cmsweb.cern.ch/dbs/prod/global/DBSReader', 'https://cmsweb.cern.ch/dbs/prod/phys03/DBSWriter', 'F', '[]', '[]', "['tree_hadd.root']", 'Analysis', 'pythia', 'None', '{}', 'T', 'crab-prod-tw01', '[]', '2700', '1', '2000', '10', 'None', '[]', 'http://vocms0195.cern.ch/mon/apuglia/250314_114724:apuglia_crab_TTTo2J1L1Nu', 'crab_script.sh', '[]', '[]', 'cmsgwms-collector-global.cern.ch:9620,cmsgwms-collector-global.fnal.gov:9620', 'crab3@vocms0195.cern.ch', 'F', '[]', 'T', '/store/user/apuglia', 'F', 'None', 'F', 'None', 'TTTo2J1L1Nu_CP5_13p6TeV_powheg-pythia8', 'None', '1e2ffc8f7c367ee8f52b9bccc99e2e81f8e286ba82b52660dc6d5012aeb19ccb.tar.gz', '116913439', 'F', '188.185.89.194', '0.0', 'None', '{"partialdataset": false, "requireaccelerator": false, "acceleratorparams": null, "inputblocks": null}', 'None', 'None', 'None', 'None', 'any']}
INFO 2025-03-14 14:04:36.690 UTC: 	 CRAB project directory:		/eos/home-a/apuglia/SWAN_projects/thesis/CMSSW_14_1_7/src/PhysicsTools/NanoAODTools/crab/crab_TTTo2J1L1Nu
INFO 2025-03-14 14:04:36.690 UTC: 	 Task name:			250314_114724:apuglia_crab_TTTo2J1L1Nu
INFO 2025-03-14 14:04:36.691 UTC: 	 Grid scheduler - Task Worker:	crab3@vocms0195.cern.ch - crab-prod-tw01
INFO 2025-03-14 14:04:36.691 UTC: 	 Status on the CRAB server:	SUBMITTED
INFO 2025-03-14 14:04:36.691 UTC: 	 Task URL to use for HELP:	https://cmsweb.cern.ch/crabserver/ui/task/250314_114724%3Aapuglia_crab_TTTo2J1L1Nu
INFO 2025-03-14 14:04:36.697 UTC: 	 Dashboard monitoring URL:	https://monit-grafana.cern.ch/d/cmsTMDetail/cms-task-monitoring-task-view?orgId=11&var-user=apuglia&var-task=250314_114724%3Aapuglia_crab_TTTo2J1L1Nu&from=1741949244000&to=now
DEBUG 2025-03-14 14:04:36.697 UTC: 	 The CRAB server submitted your task to the Grid scheduler (cluster ID: 116913439)
DEBUG 2025-03-14 14:04:36.697 UTC: 	 Webdir is located at http://vocms0195.cern.ch/mon/apuglia/250314_114724:apuglia_crab_TTTo2J1L1Nu
DEBUG 2025-03-14 14:04:36.697 UTC: 	 Encoded data for curl request: subresource=webdirprx&workflow=250314_114724%3Aapuglia_crab_TTTo2J1L1Nu
DEBUG 2025-03-14 14:04:36.774 UTC: 	 Proxied webdir is located at https://cmsweb.cern.ch:8443/scheddmon/0195/apuglia/250314_114724:apuglia_crab_TTTo2J1L1Nu
DEBUG 2025-03-14 14:04:36.876 UTC: 	 Retrieving 'status_cache' file from https://cmsweb.cern.ch:8443/scheddmon/0195/apuglia/250314_114724:apuglia_crab_TTTo2J1L1Nu/status_cache.pkl
DEBUG 2025-03-14 14:04:36.876 UTC: 	 Will execute:
curl -sS --capath /etc/grid-security/certificates --cert /tmp/x509up_u180940 --key /tmp/x509up_u180940 -o /tmp/crab_status-cache-cc1fd9q9.pkl -w %"{http_code}" "https://cmsweb.cern.ch:8443/scheddmon/0195/apuglia/250314_114724:apuglia_crab_TTTo2J1L1Nu/status_cache.pkl"
DEBUG 2025-03-14 14:04:36.876 UTC: 	 Executing command :
 curl -sS --capath /etc/grid-security/certificates --cert /tmp/x509up_u180940 --key /tmp/x509up_u180940 -o /tmp/crab_status-cache-cc1fd9q9.pkl -w %"{http_code}" "https://cmsweb.cern.ch:8443/scheddmon/0195/apuglia/250314_114724:apuglia_crab_TTTo2J1L1Nu/status_cache.pkl"
DEBUG 2025-03-14 14:04:36.928 UTC: 	 output : 200
 error: 
 retcode : 0
DEBUG 2025-03-14 14:04:36.928 UTC: 	 exitcode: 0
stdout: 200
stderr: 
error details: 
DEBUG 2025-03-14 14:04:36.928 UTC: 	 Got information from status cache file: {'10': {'Retries': 2, 'Restarts': 0, 'SiteHistory': ['Unknown', 'T1_FR_CCIN2P3', 'T1_FR_CCIN2P3', 'Unknown', 'T1_UK_RAL', 'T1_UK_RAL', 'T1_FR_CCIN2P3', 'T1_FR_CCIN2P3'], 'ResidentSetSize': [132428, 86912, 99164], 'SubmitTimes': [1741953020.0, 1741954411.0, 1741954880.0], 'StartTimes': [1741954204.0, 1741954674.0, 1741954979.0], 'EndTimes': [1741954303.0, 1741954744.0, 1741955161.0], 'TotalUserCpuTimeHistory': [16, 0, 32.0], 'TotalSysCpuTimeHistory': [0, 0, 1.0], 'WallDurations': [62.0, 75.8561646938324, 99.0, 70.0, 206.34319043159485, 206.34319043159485, 182.0, 201.65066075325012], 'JobIds': ['116913560.0', '116917886.0', '116918513.0'], 'State': 'failed', 'RecordedSite': True, 'Error': [50115, 'BadFWJRXML', {}]}, '12': {'Retries': 2, 'Restarts': 0, 'SiteHistory': ['Unknown', 'T1_FR_CCIN2P3', 'T1_FR_CCIN2P3', 'Unknown', 'T1_FR_CCIN2P3', 'T1_FR_CCIN2P3', 'T1_FR_CCIN2P3', 'T1_FR_CCIN2P3'], 'ResidentSetSize': [157416, 81824, 85092], 'SubmitTimes': [1741953021.0, 1741954400.0, 1741954878.0], 'StartTimes': [1741954206.0, 1741954668.0, 1741954946.0], 'EndTimes': [1741954306.0, 1741954740.0, 1741955063.0], 'TotalUserCpuTimeHistory': [11, 9, 9.0], 'TotalSysCpuTimeHistory': [1, 0, 0.0], 'WallDurations': [62.0, 73.8561646938324, 100.0, 72.0, 0, 117.0, 234.65066075325012, 234.65066075325012], 'JobIds': ['116913562.0', '116917877.0', '116918507.0'], 'State': 'failed', 'RecordedSite': True, 'Error': [50115, 'BadFWJRXML', {}]}, '4': {'Retries': 2, 'Restarts': 0, 'SiteHistory': ['Unknown', 'T1_FR_CCIN2P3', 'T1_FR_CCIN2P3', 'Unknown', 'T1_UK_RAL', 'T1_UK_RAL', 'T2_US_Caltech', 'T2_US_Caltech'], 'ResidentSetSize': [80056, 74148, 132744], 'SubmitTimes': [1741953022.0, 1741954436.0, 1741954949.0], 'StartTimes': [1741954210.0, 1741954679.0, 1741955209.0], 'EndTimes': [1741954338.0, 1741954778.0, 1741955352.0], 'TotalUserCpuTimeHistory': [53, 1, 20.0], 'TotalSysCpuTimeHistory': [1, 0, 0.0], 'WallDurations': [24.0, 69.8561646938324, 128.0, 99.0, 201.34319043159485, 201.34319043159485, 143.0, 271.984742641449], 'JobIds': ['116913564.0', '116917931.0', '116918647.0'], 'State': 'failed', 'RecordedSite': True, 'Error': [50115, 'BadFWJRXML', {}]}, '9': {'Retries': 2, 'Restarts': 0, 'SiteHistory': ['Unknown', 'T1_IT_CNAF', 'T1_IT_CNAF', 'Unknown', 'T1_UK_RAL', 'T1_UK_RAL', 'T1_FR_CCIN2P3', 'T1_FR_CCIN2P3'], 'ResidentSetSize': [89872, 72288, 43936], 'SubmitTimes': [1741953023.0, 1741954424.0, 1741954899.0], 'StartTimes': [1741954207.0, 1741954674.0, 1741954983.0], 'EndTimes': [1741954314.0, 1741954751.0, 1741955130.0], 'TotalUserCpuTimeHistory': [16, 3, 9.0], 'TotalSysCpuTimeHistory': [0, 0, 1.0], 'WallDurations': [9.0, 72.8561646938324, 107.0, 77.0, 206.34319043159485, 206.34319043159485, 147.0, 197.65066075325012], 'JobIds': ['116913568.0', '116917901.0', '116918546.0'], 'State': 'failed', 'RecordedSite': True, 'Error': [50115, 'BadFWJRXML', {}]}, '13': {'Retries': 2, 'Restarts': 0, 'SiteHistory': ['Unknown', 'T1_UK_RAL', 'T1_UK_RAL', 'Unknown', 'T1_UK_RAL', 'T1_UK_RAL', 'T1_FR_CCIN2P3', 'T1_FR_CCIN2P3'], 'ResidentSetSize': [49912, 64732, 114148], 'SubmitTimes': [1741953024.0, 1741954378.0, 1741954896.0], 'StartTimes': [1741954204.0, 1741954673.0, 1741954981.0], 'EndTimes': [1741954302.0, 1741954750.0, 1741955131.0], 'TotalUserCpuTimeHistory': [2, 3, 27.0], 'TotalSysCpuTimeHistory': [0, 0, 2.0], 'WallDurations': [61.0, 75.8561646938324, 98.0, 77.0, 207.34319043159485, 207.34319043159485, 150.0, 199.65066075325012], 'JobIds': ['116913572.0', '116917851.0', '116918542.0'], 'State': 'failed', 'RecordedSite': True, 'Error': [50115, 'BadFWJRXML', {}]}, '6': {'Retries': 2, 'Restarts': 0, 'SiteHistory': ['Unknown', 'T2_BE_IIHE', 'T2_BE_IIHE', 'T2_BE_IIHE', 'T2_BE_IIHE', 'T1_FR_CCIN2P3', 'T1_FR_CCIN2P3'], 'ResidentSetSize': [64480, 100112, 83596], 'SubmitTimes': [1741953025.0, 1741954311.0, 1741954691.0], 'StartTimes': [1741954145.0, 1741954344.0, 1741954755.0], 'EndTimes': [1741954209.0, 1741954541.0, 1741954852.0], 'TotalUserCpuTimeHistory': [2, 4, 5.0], 'TotalSysCpuTimeHistory': [0, 0, 0.0], 'WallDurations': [64.0, 134.8561646938324, 134.8561646938324, 197.0, 236.0788381099701, 97.0, 125.34319043159485], 'JobIds': ['116913577.0', '116917802.0', '116918227.0'], 'State': 'failed', 'RecordedSite': True}, '16': {'Retries': 2, 'Restarts': 0, 'SiteHistory': ['Unknown', 'T2_IT_Pisa', 'T2_IT_Pisa', 'T1_UK_RAL', 'T1_UK_RAL', 'T1_UK_RAL', 'T1_UK_RAL'], 'ResidentSetSize': [38536, 51648, 85748], 'SubmitTimes': [1741953032.0, 1741954310.0, 1741954582.0], 'StartTimes': [1741954146.0, 1741954336.0, 1741954667.0], 'EndTimes': [1741954209.0, 1741954444.0, 1741954745.0], 'TotalUserCpuTimeHistory': [8, 0, 8], 'TotalSysCpuTimeHistory': [0, 0, 0], 'WallDurations': [63.0, 133.8561646938324, 133.8561646938324, 108.0, 244.0788381099701, 78.0, 213.34319043159485], 'JobIds': ['116913592.0', '116917800.0', '116918078.0'], 'State': 'failed', 'RecordedSite': True, 'Error': [50115, 'BadFWJRXML', {}]}, '14': {'Retries': 2, 'Restarts': 0, 'SiteHistory': ['Unknown', 'T2_BE_UCL', 'T2_BE_UCL', 'Unknown', 'T1_FR_CCIN2P3', 'T1_FR_CCIN2P3', 'T1_FR_CCIN2P3', 'T1_FR_CCIN2P3'], 'ResidentSetSize': [51240, 88160, 86436], 'SubmitTimes': [1741953036.0, 1741954358.0, 1741954921.0], 'StartTimes': [1741954146.0, 1741954673.0, 1741954979.0], 'EndTimes': [1741954248.0, 1741954750.0, 1741955134.0], 'TotalUserCpuTimeHistory': [0, 2, 23.0], 'TotalSysCpuTimeHistory': [0, 0, 1.0], 'WallDurations': [102.0, 133.8561646938324, 133.8561646938324, 77.0, 207.34319043159485, 207.34319043159485, 155.0, 201.65066075325012], 'JobIds': ['116913594.0', '116917833.0', '116918577.0'], 'State': 'failed', 'RecordedSite': True, 'Error': [50115, 'BadFWJRXML', {}]}, '5': {'Retries': 2, 'Restarts': 0, 'SiteHistory': ['Unknown', 'T1_IT_CNAF', 'T1_IT_CNAF', 'Unknown', 'T1_UK_RAL', 'T1_UK_RAL', 'T2_US_Caltech', 'T2_US_Caltech'], 'ResidentSetSize': [97916, 93300, 321612], 'SubmitTimes': [1741953050.0, 1741954434.0, 1741954934.0], 'StartTimes': [1741954239.0, 1741954673.0, 1741955190.0], 'EndTimes': [1741954333.0, 1741954758.0, 1741955366.0], 'TotalUserCpuTimeHistory': [9, 9, 10.0], 'TotalSysCpuTimeHistory': [0, 0, 0.0], 'WallDurations': [9.0, 40.8561646938324, 94.0, 85.0, 207.34319043159485, 207.34319043159485, 176.0, 290.984742641449], 'JobIds': ['116913602.0', '116917925.0', '116918617.0'], 'State': 'failed', 'RecordedSite': True, 'Error': [50115, 'BadFWJRXML', {}]}, '11': {'Retries': 2, 'Restarts': 0, 'SiteHistory': ['Unknown', 'T1_UK_RAL', 'T1_UK_RAL', 'Unknown', 'T1_FR_CCIN2P3', 'T1_FR_CCIN2P3', 'T1_FR_CCIN2P3', 'T1_FR_CCIN2P3'], 'ResidentSetSize': [98816, 290436, 81356], 'SubmitTimes': [1741953057.0, 1741954377.0, 1741954958.0], 'StartTimes': [1741954205.0, 1741954668.0, 1741955198.0], 'EndTimes': [1741954301.0, 1741954786.0, 1741955330.0], 'TotalUserCpuTimeHistory': [5, 40, 9.0], 'TotalSysCpuTimeHistory': [0, 2, 1.0], 'WallDurations': [60.0, 74.8561646938324, 96.0, 118.0, 212.34319043159485, 212.34319043159485, 132.0, 282.984742641449], 'JobIds': ['116913609.0', '116917848.0', '116918655.0'], 'State': 'failed', 'RecordedSite': True, 'Error': [50115, 'BadFWJRXML', {}]}, '1': {'Retries': 2, 'Restarts': 0, 'SiteHistory': ['Unknown', 'T1_IT_CNAF', 'T1_IT_CNAF', 'T1_UK_RAL', 'T1_UK_RAL', 'Unknown', 'T2_US_Caltech', 'T2_US_Caltech'], 'ResidentSetSize': [114748, 51100, 101104], 'SubmitTimes': [1741953058.0, 1741954435.0, 1741954715.0], 'StartTimes': [1741954210.0, 1741954465.0, 1741954897.0], 'EndTimes': [1741954338.0, 1741954568.0, 1741954995.0], 'TotalUserCpuTimeHistory': [26, 3, 3.0], 'TotalSysCpuTimeHistory': [1, 0, 0.0], 'WallDurations': [21.0, 69.8561646938324, 128.0, 103.0, 115.07883810997009, 98.0, 283.6506607532501, 283.6506607532501], 'JobIds': ['116913613.0', '116917928.0', '116918256.0'], 'State': 'failed', 'RecordedSite': True, 'Error': [50115, 'BadFWJRXML', {}]}, '2': {'Retries': 2, 'Restarts': 0, 'SiteHistory': ['Unknown', 'T2_IT_Pisa', 'T2_IT_Pisa', 'Unknown', 'T1_UK_RAL', 'T1_UK_RAL', 'T2_US_Caltech', 'T2_US_Caltech'], 'ResidentSetSize': [4072, 103452, 96820], 'SubmitTimes': [1741953060.0, 1741954342.0, 1741954932.0], 'StartTimes': [1741954160.0, 1741954674.0, 1741955320.0], 'EndTimes': [1741954250.0, 1741954759.0, 1741955543.0], 'TotalUserCpuTimeHistory': [0, 0, 10.0], 'TotalSysCpuTimeHistory': [0, 0, 0.0], 'WallDurations': [90.0, 119.8561646938324, 119.8561646938324, 85.0, 206.34319043159485, 206.34319043159485, 140.0, 223.0], 'JobIds': ['116913616.0', '116917823.0', '116918596.0'], 'State': 'failed', 'RecordedSite': True, 'Error': [50115, 'BadFWJRXML', {}]}, '3': {'Retries': 2, 'Restarts': 0, 'SiteHistory': ['Unknown', 'T2_IT_Pisa', 'T2_IT_Pisa', 'Unknown', 'T1_UK_RAL', 'T1_UK_RAL', 'T1_UK_RAL', 'T1_UK_RAL'], 'ResidentSetSize': [24216, 82820, 43588], 'SubmitTimes': [1741953061.0, 1741954368.0, 1741954905.0], 'StartTimes': [1741954147.0, 1741954673.0, 1741954983.0], 'EndTimes': [1741954249.0, 1741954750.0, 1741955134.0], 'TotalUserCpuTimeHistory': [3, 3, 1.0], 'TotalSysCpuTimeHistory': [0, 0, 0.0], 'WallDurations': [102.0, 132.8561646938324, 132.8561646938324, 77.0, 207.34319043159485, 207.34319043159485, 151.0, 197.65066075325012], 'JobIds': ['116913619.0', '116917840.0', '116918561.0'], 'State': 'failed', 'RecordedSite': True, 'Error': [50115, 'BadFWJRXML', {}]}, '7': {'Retries': 2, 'Restarts': 0, 'SiteHistory': ['Unknown', 'T2_BE_IIHE', 'T2_BE_IIHE', 'Unknown', 'T1_UK_RAL', 'T1_UK_RAL', 'T2_US_Caltech', 'T2_US_Caltech'], 'ResidentSetSize': [108920, 64536, 87780], 'SubmitTimes': [1741953068.0, 1741954437.0, 1741954936.0], 'StartTimes': [1741954145.0, 1741954674.0, 1741955017.0], 'EndTimes': [1741954335.0, 1741954751.0, 1741955205.0], 'TotalUserCpuTimeHistory': [1, 3, 7.0], 'TotalSysCpuTimeHistory': [0, 0, 0.0], 'WallDurations': [9.0, 134.8561646938324, 190.0, 77.0, 206.34319043159485, 206.34319043159485, 61.0, 188.0], 'JobIds': ['116913634.0', '116917934.0', '116918622.0'], 'State': 'failed', 'RecordedSite': True, 'Error': [50115, 'BadFWJRXML', {}]}, '8': {'Retries': 2, 'Restarts': 0, 'SiteHistory': ['Unknown', 'T1_IT_CNAF', 'T1_IT_CNAF', 'Unknown', 'T1_UK_RAL', 'T1_UK_RAL', 'T1_IT_CNAF', 'T1_IT_CNAF'], 'ResidentSetSize': [106236, 97768, 90904], 'SubmitTimes': [1741953069.0, 1741954428.0, 1741954936.0], 'StartTimes': [1741954207.0, 1741954674.0, 1741954983.0], 'EndTimes': [1741954324.0, 1741954757.0, 1741955195.0], 'TotalUserCpuTimeHistory': [15, 0, 9.0], 'TotalSysCpuTimeHistory': [0, 0, 0.0], 'WallDurations': [8.0, 72.8561646938324, 117.0, 83.0, 206.34319043159485, 206.34319043159485, 85.0, 212.0], 'JobIds': ['116913637.0', '116917907.0', '116918623.0'], 'State': 'failed', 'RecordedSite': True, 'Error': [50115, 'BadFWJRXML', {}]}, '15': {'Retries': 2, 'Restarts': 0, 'SiteHistory': ['Unknown', 'T2_IT_Pisa', 'T2_IT_Pisa', 'Unknown', 'T1_FR_CCIN2P3', 'T1_FR_CCIN2P3', 'T1_UK_RAL', 'T1_UK_RAL'], 'ResidentSetSize': [4068, 118080, 41368], 'SubmitTimes': [1741953070.0, 1741954346.0, 1741954932.0], 'StartTimes': [1741954147.0, 1741954673.0, 1741954983.0], 'EndTimes': [1741954248.0, 1741954754.0, 1741955134.0], 'TotalUserCpuTimeHistory': [1, 27, 1.0], 'TotalSysCpuTimeHistory': [0, 2, 0.0], 'WallDurations': [101.0, 132.8561646938324, 132.8561646938324, 81.0, 207.34319043159485, 207.34319043159485, 151.0, 197.65066075325012], 'JobIds': ['116913643.0', '116917827.0', '116918600.0'], 'State': 'failed', 'RecordedSite': True, 'Error': [50115, 'BadFWJRXML', {}]}, '17': {'Retries': 2, 'Restarts': 0, 'SiteHistory': ['Unknown', 'T2_IT_Pisa', 'T2_IT_Pisa', 'Unknown', 'T1_FR_CCIN2P3', 'T1_FR_CCIN2P3', 'T2_US_Nebraska', 'T2_US_Nebraska'], 'ResidentSetSize': [53432, 93780, 82888], 'SubmitTimes': [1741953071.0, 1741954334.0, 1741954937.0], 'StartTimes': [1741954147.0, 1741954668.0, 1741955185.0], 'EndTimes': [1741954243.0, 1741954779.0, 1741955328.0], 'TotalUserCpuTimeHistory': [5, 26, 1.0], 'TotalSysCpuTimeHistory': [0, 1, 0.0], 'WallDurations': [96.0, 132.8561646938324, 132.8561646938324, 111.0, 212.34319043159485, 212.34319043159485, 143.0, 295.984742641449], 'JobIds': ['116913646.0', '116917819.0', '116918629.0'], 'State': 'failed', 'RecordedSite': True, 'Error': [50115, 'BadFWJRXML', {}]}, '18': {'Retries': 2, 'Restarts': 0, 'SiteHistory': ['Unknown', 'T2_IT_Pisa', 'T2_IT_Pisa', 'Unknown', 'T1_FR_CCIN2P3', 'T1_FR_CCIN2P3', 'T1_FR_CCIN2P3', 'T1_FR_CCIN2P3'], 'ResidentSetSize': [207540, 82932, 297684], 'SubmitTimes': [1741953073.0, 1741954388.0, 1741954932.0], 'StartTimes': [1741954154.0, 1741954674.0, 1741954983.0], 'EndTimes': [1741954303.0, 1741954751.0, 1741955134.0], 'TotalUserCpuTimeHistory': [2, 6, 9.0], 'TotalSysCpuTimeHistory': [0, 0, 0.0], 'WallDurations': [112.0, 125.8561646938324, 149.0, 77.0, 206.34319043159485, 206.34319043159485, 151.0, 197.65066075325012], 'JobIds': ['116913650.0', '116917867.0', '116918591.0'], 'State': 'failed', 'RecordedSite': True, 'Error': [50115, 'BadFWJRXML', {}]}, '19': {'Retries': 2, 'Restarts': 0, 'SiteHistory': ['Unknown', 'T2_IT_Pisa', 'T2_IT_Pisa', 'T1_FR_CCIN2P3', 'T1_FR_CCIN2P3', 'T1_FR_CCIN2P3', 'T1_FR_CCIN2P3'], 'ResidentSetSize': [4080, 92512, 82756], 'SubmitTimes': [1741953083.0, 1741954332.0, 1741954660.0], 'StartTimes': [1741954147.0, 1741954359.0, 1741954840.0], 'EndTimes': [1741954247.0, 1741954515.0, 1741954933.0], 'TotalUserCpuTimeHistory': [12, 66, 11.0], 'TotalSysCpuTimeHistory': [0, 4, 0.0], 'WallDurations': [100.0, 132.8561646938324, 132.8561646938324, 156.0, 221.0788381099701, 9.0, 93.0], 'JobIds': ['116913659.0', '116917815.0', '116918179.0'], 'State': 'failed', 'RecordedSite': True, 'Error': [50115, 'BadFWJRXML', {}]}, '20': {'Retries': 2, 'Restarts': 0, 'SiteHistory': ['Unknown', 'T1_FR_CCIN2P3', 'T1_FR_CCIN2P3', 'Unknown', 'T1_UK_RAL', 'T1_UK_RAL', 'T1_FR_CCIN2P3', 'T1_FR_CCIN2P3'], 'ResidentSetSize': [72712, 45344, 79920], 'SubmitTimes': [1741953085.0, 1741954413.0, 1741954910.0], 'StartTimes': [1741954207.0, 1741954674.0, 1741954981.0], 'EndTimes': [1741954303.0, 1741954752.0, 1741955131.0], 'TotalUserCpuTimeHistory': [0, 3, 1.0], 'TotalSysCpuTimeHistory': [0, 0, 0.0], 'WallDurations': [60.0, 72.8561646938324, 96.0, 78.0, 206.34319043159485, 206.34319043159485, 150.0, 199.65066075325012], 'JobIds': ['116913661.0', '116917893.0', '116918566.0'], 'State': 'failed', 'RecordedSite': True, 'Error': [50115, 'BadFWJRXML', {}]}, '21': {'Retries': 2, 'Restarts': 0, 'SiteHistory': ['Unknown', 'T1_UK_RAL', 'T1_UK_RAL', 'Unknown', 'T1_FR_CCIN2P3', 'T1_FR_CCIN2P3', 'T1_FR_CCIN2P3', 'T1_FR_CCIN2P3'], 'ResidentSetSize': [51052, 75284, 294856], 'SubmitTimes': [1741953105.0, 1741954426.0, 1741954925.0], 'StartTimes': [1741954234.0, 1741954674.0, 1741954981.0], 'EndTimes': [1741954324.0, 1741954751.0, 1741955132.0], 'TotalUserCpuTimeHistory': [1, 6, 12.0], 'TotalSysCpuTimeHistory': [0, 0, 0.0], 'WallDurations': [9.0, 45.8561646938324, 90.0, 77.0, 206.34319043159485, 206.34319043159485, 151.0, 199.65066075325012], 'JobIds': ['116913670.0', '116917904.0', '116918581.0'], 'State': 'failed', 'RecordedSite': True, 'Error': [50115, 'BadFWJRXML', {}]}, '22': {'Retries': 2, 'Restarts': 0, 'SiteHistory': ['Unknown', 'T1_FR_CCIN2P3', 'T1_FR_CCIN2P3', 'Unknown', 'T1_UK_RAL', 'T1_UK_RAL', 'T2_US_Florida', 'T2_US_Florida'], 'ResidentSetSize': [77752, 119528, 108004], 'SubmitTimes': [1741953115.0, 1741954416.0, 1741954947.0], 'StartTimes': [1741954206.0, 1741954673.0, 1741955207.0], 'EndTimes': [1741954304.0, 1741954779.0, 1741955348.0], 'TotalUserCpuTimeHistory': [3, 2, 0.0], 'TotalSysCpuTimeHistory': [0, 0, 0.0], 'WallDurations': [61.0, 73.8561646938324, 98.0, 106.0, 207.34319043159485, 207.34319043159485, 141.0, 273.984742641449], 'JobIds': ['116913678.0', '116917897.0', '116918642.0'], 'State': 'failed', 'RecordedSite': True, 'Error': [50115, 'BadFWJRXML', {}]}, '23': {'Retries': 2, 'Restarts': 0, 'SiteHistory': ['Unknown', 'T1_UK_RAL', 'T1_UK_RAL', 'Unknown', 'T1_UK_RAL', 'T1_UK_RAL', 'T2_US_Caltech', 'T2_US_Caltech'], 'ResidentSetSize': [45784, 111712, 139652], 'SubmitTimes': [1741953115.0, 1741954380.0, 1741954945.0], 'StartTimes': [1741954205.0, 1741954671.0, 1741955186.0], 'EndTimes': [1741954301.0, 1741954779.0, 1741955328.0], 'TotalUserCpuTimeHistory': [4, 2, 10.0], 'TotalSysCpuTimeHistory': [0, 0, 0.0], 'WallDurations': [61.0, 74.8561646938324, 96.0, 108.0, 209.34319043159485, 209.34319043159485, 142.0, 294.984742641449], 'JobIds': ['116913684.0', '116917853.0', '116918637.0'], 'State': 'failed', 'RecordedSite': True, 'Error': [50115, 'BadFWJRXML', {}]}, '24': {'Retries': 2, 'Restarts': 0, 'SiteHistory': ['Unknown', 'T1_UK_RAL', 'T1_UK_RAL', 'Unknown', 'T1_UK_RAL', 'T1_UK_RAL', 'T1_FR_CCIN2P3', 'T1_FR_CCIN2P3'], 'ResidentSetSize': [32440, 79344, 98380], 'SubmitTimes': [1741953116.0, 1741954392.0, 1741954897.0], 'StartTimes': [1741954206.0, 1741954669.0, 1741954981.0], 'EndTimes': [1741954305.0, 1741954747.0, 1741955134.0], 'TotalUserCpuTimeHistory': [6, 4, 1.0], 'TotalSysCpuTimeHistory': [0, 0, 0.0], 'WallDurations': [61.0, 73.8561646938324, 99.0, 78.0, 211.34319043159485, 211.34319043159485, 153.0, 199.65066075325012], 'JobIds': ['116913691.0', '116917873.0', '116918543.0'], 'State': 'failed', 'RecordedSite': True, 'Error': [50115, 'BadFWJRXML', {}]}, '25': {'Retries': 2, 'Restarts': 0, 'SiteHistory': ['Unknown', 'T2_DE_RWTH', 'T2_DE_RWTH', 'Unknown', 'T1_FR_CCIN2P3', 'T1_FR_CCIN2P3', 'T1_FR_CCIN2P3', 'T1_FR_CCIN2P3'], 'ResidentSetSize': [136156, 92172, 82436], 'SubmitTimes': [1741953117.0, 1741954367.0, 1741954933.0], 'StartTimes': [1741954148.0, 1741954673.0, 1741954995.0], 'EndTimes': [1741954248.0, 1741954759.0, 1741955158.0], 'TotalUserCpuTimeHistory': [9, 33, 5.0], 'TotalSysCpuTimeHistory': [0, 2, 0.0], 'WallDurations': [100.0, 131.8561646938324, 131.8561646938324, 86.0, 207.34319043159485, 207.34319043159485, 163.0, 185.65066075325012], 'JobIds': ['116913697.0', '116917839.0', '116918605.0'], 'State': 'failed', 'RecordedSite': True, 'Error': [50115, 'BadFWJRXML', {}]}, '26': {'Retries': 2, 'Restarts': 0, 'SiteHistory': ['Unknown', 'T1_UK_RAL', 'T1_UK_RAL', 'Unknown', 'T1_FR_CCIN2P3', 'T1_FR_CCIN2P3', 'T1_FR_CCIN2P3', 'T1_FR_CCIN2P3'], 'ResidentSetSize': [70208, 45788, 45924], 'SubmitTimes': [1741953118.0, 1741954404.0, 1741954897.0], 'StartTimes': [1741954207.0, 1741954674.0, 1741954982.0], 'EndTimes': [1741954303.0, 1741954750.0, 1741955133.0], 'TotalUserCpuTimeHistory': [1, 0, 1.0], 'TotalSysCpuTimeHistory': [0, 0, 0.0], 'WallDurations': [61.0, 72.8561646938324, 96.0, 76.0, 206.34319043159485, 206.34319043159485, 151.0, 198.65066075325012], 'JobIds': ['116913703.0', '116917882.0', '116918544.0'], 'State': 'failed', 'RecordedSite': True, 'Error': [50115, 'BadFWJRXML', {}]}, '27': {'Retries': 2, 'Restarts': 0, 'SiteHistory': ['Unknown', 'T1_FR_CCIN2P3', 'T1_FR_CCIN2P3', 'Unknown', 'T1_UK_RAL', 'T1_UK_RAL', 'T1_FR_CCIN2P3', 'T1_FR_CCIN2P3'], 'ResidentSetSize': [41100, 79876, 115828], 'SubmitTimes': [1741953119.0, 1741954387.0, 1741954889.0], 'StartTimes': [1741954206.0, 1741954669.0, 1741954982.0], 'EndTimes': [1741954303.0, 1741954744.0, 1741955154.0], 'TotalUserCpuTimeHistory': [0, 5, 14.0], 'TotalSysCpuTimeHistory': [0, 0, 1.0], 'WallDurations': [61.0, 73.8561646938324, 97.0, 75.0, 211.34319043159485, 211.34319043159485, 172.0, 198.65066075325012], 'JobIds': ['116913708.0', '116917865.0', '116918527.0'], 'State': 'failed', 'RecordedSite': True, 'Error': [50115, 'BadFWJRXML', {}]}, '28': {'Retries': 2, 'Restarts': 0, 'SiteHistory': ['Unknown', 'T2_BE_UCL', 'T2_BE_UCL', 'Unknown', 'T1_UK_RAL', 'T1_UK_RAL', 'T1_FR_CCIN2P3', 'T1_FR_CCIN2P3'], 'ResidentSetSize': [111520, 75780, 83064], 'SubmitTimes': [1741953120.0, 1741954386.0, 1741954888.0], 'StartTimes': [1741954148.0, 1741954669.0, 1741954980.0], 'EndTimes': [1741954301.0, 1741954743.0, 1741955132.0], 'TotalUserCpuTimeHistory': [1, 2, 8.0], 'TotalSysCpuTimeHistory': [0, 0, 0.0], 'WallDurations': [113.0, 131.8561646938324, 153.0, 74.0, 211.34319043159485, 211.34319043159485, 152.0, 200.65066075325012], 'JobIds': ['116913716.0', '116917861.0', '116918523.0'], 'State': 'failed', 'RecordedSite': True, 'Error': [50115, 'BadFWJRXML', {}]}, '29': {'Retries': 2, 'Restarts': 0, 'SiteHistory': ['Unknown', 'T1_ES_PIC', 'T1_ES_PIC', 'T1_UK_RAL', 'T1_UK_RAL', 'T1_FR_CCIN2P3', 'T1_FR_CCIN2P3'], 'ResidentSetSize': [132096, 76332, 96680], 'SubmitTimes': [1741953129.0, 1741954537.0, 1741954806.0], 'StartTimes': [1741954320.0, 1741954591.0, 1741954882.0], 'EndTimes': [1741954453.0, 1741954659.0, 1741954978.0], 'TotalUserCpuTimeHistory': [7, 9, 6.0], 'TotalSysCpuTimeHistory': [0, 0, 0.0], 'WallDurations': [0, 133.0, 0, 68.0, 0, 96.0, 298.6506607532501], 'JobIds': ['116913722.0', '116918034.0', '116918417.0'], 'State': 'failed', 'RecordedSite': True, 'Error': [50115, 'BadFWJRXML', {}]}, '30': {'Retries': 2, 'Restarts': 0, 'SiteHistory': ['Unknown', 'T1_ES_PIC', 'T1_ES_PIC', 'Unknown', 'T1_UK_RAL', 'T1_UK_RAL', 'T1_ES_PIC', 'T1_ES_PIC'], 'ResidentSetSize': [90156, 76188, 133676], 'SubmitTimes': [1741953140.0, 1741954412.0, 1741954908.0], 'StartTimes': [1741954209.0, 1741954676.0, 1741954992.0], 'EndTimes': [1741954306.0, 1741954755.0, 1741955151.0], 'TotalUserCpuTimeHistory': [13, 5, 26.0], 'TotalSysCpuTimeHistory': [2, 0, 0.0], 'WallDurations': [61.0, 70.8561646938324, 97.0, 79.0, 204.34319043159485, 204.34319043159485, 159.0, 188.65066075325012], 'JobIds': ['116913732.0', '116917889.0', '116918564.0'], 'State': 'failed', 'RecordedSite': True}, '31': {'Retries': 2, 'Restarts': 0, 'SiteHistory': ['Unknown', 'T1_ES_PIC', 'T1_ES_PIC', 'Unknown', 'T1_UK_RAL', 'T1_UK_RAL', 'T2_US_Purdue', 'T2_US_Purdue'], 'ResidentSetSize': [100096, 99796, 85028], 'SubmitTimes': [1741953133.0, 1741954440.0, 1741954934.0], 'StartTimes': [1741954237.0, 1741954674.0, 1741955184.0], 'EndTimes': [1741954338.0, 1741954759.0, 1741955329.0], 'TotalUserCpuTimeHistory': [22, 0, 0.0], 'TotalSysCpuTimeHistory': [1, 0, 0.0], 'WallDurations': [9.0, 42.8561646938324, 101.0, 85.0, 206.34319043159485, 206.34319043159485, 145.0, 296.984742641449], 'JobIds': ['116913727.0', '116917939.0', '116918611.0'], 'State': 'failed', 'RecordedSite': True, 'Error': [50115, 'BadFWJRXML', {}]}}
INFO 2025-03-14 14:04:36.929 UTC: 	 Status on the scheduler:	FAILED
INFO 2025-03-14 14:04:36.929 UTC: 	 
Jobs status:                    failed       		100.0% (31/31)
INFO 2025-03-14 14:04:36.929 UTC: 	 
No publication information (publication has been disabled in the CRAB configuration file)
INFO 2025-03-14 14:04:36.930 UTC: 	 
Error Summary:

29 jobs failed with exit code 50115:

	29 jobs failed with following error message: (for example, job 1)

		BadFWJRXML

Could not find exit code details for 2 jobs.

Have a look at https://twiki.cern.ch/twiki/bin/viewauth/CMSPublic/JobExitCodes for a description of the exit codes.
INFO 2025-03-14 14:04:36.930 UTC: 	 
Warning: the max jobs runtime is less than 30% of the task requested value (2700 min), please consider to request a lower value for failed jobs (allowed through crab resubmit) and/or improve the jobs splitting (e.g. config.Data.splitting = 'Automatic') in a new task.
INFO 2025-03-14 14:04:36.931 UTC: 	 
Warning: the average jobs CPU efficiency is less than 50%, please consider to improve the jobs splitting (e.g. config.Data.splitting = 'Automatic') in a new task
INFO 2025-03-14 14:04:36.931 UTC: 	 
Summary of run jobs:
 * Memory: 80MB min, 314MB max, 108MB ave
 * Runtime: 0:01:33 min, 0:04:58 max, 0:03:40 ave
 * CPU eff: 0% min, 16% max, 4% ave
 * Waste: 7:28:59 (80% of total)

INFO 2025-03-14 14:04:36.942 UTC: 	 Log file is /eos/home-a/apuglia/SWAN_projects/thesis/CMSSW_14_1_7/src/PhysicsTools/NanoAODTools/crab/crab_TTTo2J1L1Nu/crab.log
